mauersu/redis-admin,CVE-2022-24735
mauersu/redis-admin,CVE-2022-24736
mauersu/redis-admin,CVE-2022-3647
mauersu/redis-admin,CVE-2022-36021
mauersu/redis-admin,CVE-2023-25155
debop/hibernate-redis,CVE-2021-32626
debop/hibernate-redis,CVE-2021-32672
debop/hibernate-redis,CVE-2022-24735
debop/hibernate-redis,CVE-2022-24736
debop/hibernate-redis,CVE-2022-3647
debop/hibernate-redis,CVE-2022-36021
debop/hibernate-redis,CVE-2023-25155
redisson/redisson-examples,CVE-2021-32626
redisson/redisson-examples,CVE-2021-32672
redisson/redisson-examples,CVE-2022-24735
redisson/redisson-examples,CVE-2022-24736
redisson/redisson-examples,CVE-2022-3647
redisson/redisson-examples,CVE-2022-36021
redisson/redisson-examples,CVE-2023-25155
davidmarquis/redisq,CVE-2022-24735
davidmarquis/redisq,CVE-2022-24736
davidmarquis/redisq,CVE-2022-3647
davidmarquis/redisq,CVE-2022-36021
davidmarquis/redisq,CVE-2023-25155
redislabs-training/ru102j,CVE-2022-24735
redislabs-training/ru102j,CVE-2022-24736
redislabs-training/ru102j,CVE-2022-3647
redislabs-training/ru102j,CVE-2022-36021
redislabs-training/ru102j,CVE-2023-25155
locationtech/geowave,CVE-2021-32626
locationtech/geowave,CVE-2021-32672
locationtech/geowave,CVE-2022-24735
locationtech/geowave,CVE-2022-24736
locationtech/geowave,CVE-2022-3647
locationtech/geowave,CVE-2022-36021
locationtech/geowave,CVE-2023-25155
redis-developer/riot,CVE-2021-32626
redis-developer/riot,CVE-2022-24735
redis-developer/riot,CVE-2022-24736
redis-developer/riot,CVE-2022-3647
redis-developer/riot,CVE-2022-36021
redis-developer/riot,CVE-2023-25155
zzycreate/spring-boot-seed,CVE-2021-32626
zzycreate/spring-boot-seed,CVE-2022-24735
zzycreate/spring-boot-seed,CVE-2022-24736
zzycreate/spring-boot-seed,CVE-2022-3647
zzycreate/spring-boot-seed,CVE-2022-36021
zzycreate/spring-boot-seed,CVE-2023-25155
ctripcorp/x-pipe,CVE-2021-32626
ctripcorp/x-pipe,CVE-2021-32672
ctripcorp/x-pipe,CVE-2022-24735
ctripcorp/x-pipe,CVE-2022-24736
ctripcorp/x-pipe,CVE-2022-3647
ctripcorp/x-pipe,CVE-2022-36021
ctripcorp/x-pipe,CVE-2023-25155
xtuhcy/gecco-redis,CVE-2021-32626
xtuhcy/gecco-redis,CVE-2022-24735
xtuhcy/gecco-redis,CVE-2022-24736
xtuhcy/gecco-redis,CVE-2022-3647
xtuhcy/gecco-redis,CVE-2022-36021
xtuhcy/gecco-redis,CVE-2023-25155
dengliming/redis-modules-java,CVE-2021-32626
dengliming/redis-modules-java,CVE-2021-32672
dengliming/redis-modules-java,CVE-2022-24735
dengliming/redis-modules-java,CVE-2022-24736
dengliming/redis-modules-java,CVE-2022-3647
dengliming/redis-modules-java,CVE-2022-36021
dengliming/redis-modules-java,CVE-2023-25155
Aegeaner/kafka-connector-redis,CVE-2021-32626
Aegeaner/kafka-connector-redis,CVE-2022-24735
Aegeaner/kafka-connector-redis,CVE-2022-24736
Aegeaner/kafka-connector-redis,CVE-2022-3647
Aegeaner/kafka-connector-redis,CVE-2022-36021
Aegeaner/kafka-connector-redis,CVE-2023-25155
DarkPhoenixs/connection-pool-client,CVE-2021-32626
DarkPhoenixs/connection-pool-client,CVE-2022-24735
DarkPhoenixs/connection-pool-client,CVE-2022-24736
DarkPhoenixs/connection-pool-client,CVE-2022-3647
DarkPhoenixs/connection-pool-client,CVE-2022-36021
DarkPhoenixs/connection-pool-client,CVE-2023-25155
redis-developer/lettucemod,CVE-2022-24735
redis-developer/lettucemod,CVE-2022-24736
redis-developer/lettucemod,CVE-2022-3647
redis-developer/lettucemod,CVE-2022-36021
redis-developer/lettucemod,CVE-2023-25155
alibaba/jetcache,CVE-2021-32626
alibaba/jetcache,CVE-2021-32672
alibaba/jetcache,CVE-2022-24735
alibaba/jetcache,CVE-2022-24736
alibaba/jetcache,CVE-2022-3647
alibaba/jetcache,CVE-2022-36021
alibaba/jetcache,CVE-2023-25155
kekingcn/spring-boot-klock-starter,CVE-2021-32626
kekingcn/spring-boot-klock-starter,CVE-2021-32672
kekingcn/spring-boot-klock-starter,CVE-2022-24735
kekingcn/spring-boot-klock-starter,CVE-2022-24736
kekingcn/spring-boot-klock-starter,CVE-2022-3647
kekingcn/spring-boot-klock-starter,CVE-2022-36021
kekingcn/spring-boot-klock-starter,CVE-2023-25155
pjmike/redis-distributed-lock,CVE-2021-32626
pjmike/redis-distributed-lock,CVE-2021-32672
pjmike/redis-distributed-lock,CVE-2022-24735
pjmike/redis-distributed-lock,CVE-2022-24736
pjmike/redis-distributed-lock,CVE-2022-3647
pjmike/redis-distributed-lock,CVE-2022-36021
pjmike/redis-distributed-lock,CVE-2023-25155
vy/log4j2-redis-appender,CVE-2022-24735
vy/log4j2-redis-appender,CVE-2022-24736
vy/log4j2-redis-appender,CVE-2022-3647
vy/log4j2-redis-appender,CVE-2022-36021
vy/log4j2-redis-appender,CVE-2023-25155
Nepxion/Aquarius,CVE-2021-32626
Nepxion/Aquarius,CVE-2021-32672
Nepxion/Aquarius,CVE-2022-24735
Nepxion/Aquarius,CVE-2022-24736
Nepxion/Aquarius,CVE-2022-3647
Nepxion/Aquarius,CVE-2022-36021
Nepxion/Aquarius,CVE-2023-25155
eacdy/redis-jdbc,CVE-2022-24735
eacdy/redis-jdbc,CVE-2022-24736
eacdy/redis-jdbc,CVE-2022-3647
eacdy/redis-jdbc,CVE-2022-36021
eacdy/redis-jdbc,CVE-2023-25155
ck-jesse/l2cache,CVE-2021-32626
ck-jesse/l2cache,CVE-2021-32672
ck-jesse/l2cache,CVE-2022-24735
ck-jesse/l2cache,CVE-2022-24736
ck-jesse/l2cache,CVE-2022-3647
ck-jesse/l2cache,CVE-2022-36021
ck-jesse/l2cache,CVE-2023-25155
it235/knife4j-redis-lettuce,CVE-2022-24735
it235/knife4j-redis-lettuce,CVE-2022-24736
it235/knife4j-redis-lettuce,CVE-2022-3647
it235/knife4j-redis-lettuce,CVE-2022-36021
it235/knife4j-redis-lettuce,CVE-2023-25155
DevOps-TangoMe/flume-redis,CVE-2022-24735
DevOps-TangoMe/flume-redis,CVE-2022-24736
DevOps-TangoMe/flume-redis,CVE-2022-3647
DevOps-TangoMe/flume-redis,CVE-2022-36021
DevOps-TangoMe/flume-redis,CVE-2023-25155
201206030/novel-cloud,CVE-2021-32626
201206030/novel-cloud,CVE-2021-32672
201206030/novel-cloud,CVE-2022-24735
201206030/novel-cloud,CVE-2022-24736
201206030/novel-cloud,CVE-2022-3647
201206030/novel-cloud,CVE-2022-36021
201206030/novel-cloud,CVE-2023-25155
pig-mesh/idempotent-spring-boot-starter,CVE-2021-32626
pig-mesh/idempotent-spring-boot-starter,CVE-2021-32672
pig-mesh/idempotent-spring-boot-starter,CVE-2022-24735
pig-mesh/idempotent-spring-boot-starter,CVE-2022-24736
pig-mesh/idempotent-spring-boot-starter,CVE-2022-3647
pig-mesh/idempotent-spring-boot-starter,CVE-2022-36021
pig-mesh/idempotent-spring-boot-starter,CVE-2023-25155
imadcn/redislock,CVE-2022-24735
imadcn/redislock,CVE-2022-24736
imadcn/redislock,CVE-2022-3647
imadcn/redislock,CVE-2022-36021
imadcn/redislock,CVE-2023-25155
gravitee-io/gravitee-repository-redis,CVE-2022-24735
gravitee-io/gravitee-repository-redis,CVE-2022-24736
gravitee-io/gravitee-repository-redis,CVE-2022-3647
gravitee-io/gravitee-repository-redis,CVE-2022-36021
gravitee-io/gravitee-repository-redis,CVE-2023-25155
zaiyunduan123/redis-tool,CVE-2021-32626
zaiyunduan123/redis-tool,CVE-2021-32672
zaiyunduan123/redis-tool,CVE-2022-24735
zaiyunduan123/redis-tool,CVE-2022-24736
zaiyunduan123/redis-tool,CVE-2022-3647
zaiyunduan123/redis-tool,CVE-2022-36021
zaiyunduan123/redis-tool,CVE-2023-25155
dropwizard/dropwizard-redis,CVE-2022-24735
dropwizard/dropwizard-redis,CVE-2022-24736
dropwizard/dropwizard-redis,CVE-2022-3647
dropwizard/dropwizard-redis,CVE-2022-36021
dropwizard/dropwizard-redis,CVE-2023-25155
nats-io/nats-connector-redis,CVE-2021-32626
nats-io/nats-connector-redis,CVE-2022-24735
nats-io/nats-connector-redis,CVE-2022-24736
nats-io/nats-connector-redis,CVE-2022-3647
nats-io/nats-connector-redis,CVE-2022-36021
nats-io/nats-connector-redis,CVE-2023-25155
redisson/vertx-redisson,CVE-2021-32626
redisson/vertx-redisson,CVE-2022-24735
redisson/vertx-redisson,CVE-2022-24736
redisson/vertx-redisson,CVE-2022-3647
redisson/vertx-redisson,CVE-2022-36021
redisson/vertx-redisson,CVE-2023-25155
siddhi-io/siddhi-store-redis,CVE-2021-32626
siddhi-io/siddhi-store-redis,CVE-2022-24735
siddhi-io/siddhi-store-redis,CVE-2022-24736
siddhi-io/siddhi-store-redis,CVE-2022-3647
siddhi-io/siddhi-store-redis,CVE-2022-36021
siddhi-io/siddhi-store-redis,CVE-2023-25155
taptap/ratelimiter-spring-boot-starter,CVE-2021-32626
taptap/ratelimiter-spring-boot-starter,CVE-2021-32672
taptap/ratelimiter-spring-boot-starter,CVE-2022-24735
taptap/ratelimiter-spring-boot-starter,CVE-2022-24736
taptap/ratelimiter-spring-boot-starter,CVE-2022-3647
taptap/ratelimiter-spring-boot-starter,CVE-2022-36021
taptap/ratelimiter-spring-boot-starter,CVE-2023-25155
redis-field-engineering/redis-sql-trino,CVE-2022-24735
redis-field-engineering/redis-sql-trino,CVE-2022-24736
redis-field-engineering/redis-sql-trino,CVE-2022-3647
redis-field-engineering/redis-sql-trino,CVE-2022-36021
redis-field-engineering/redis-sql-trino,CVE-2023-25155
redisson/redisson-benchmark,CVE-2021-32626
redisson/redisson-benchmark,CVE-2021-32672
redisson/redisson-benchmark,CVE-2022-24735
redisson/redisson-benchmark,CVE-2022-24736
redisson/redisson-benchmark,CVE-2022-3647
redisson/redisson-benchmark,CVE-2022-36021
redisson/redisson-benchmark,CVE-2023-25155
bert82503/redis-java-client-profile,CVE-2022-24735
bert82503/redis-java-client-profile,CVE-2022-24736
bert82503/redis-java-client-profile,CVE-2022-3647
bert82503/redis-java-client-profile,CVE-2022-36021
bert82503/redis-java-client-profile,CVE-2023-25155
terminux/redis-spring-boot,CVE-2021-32626
terminux/redis-spring-boot,CVE-2021-32672
terminux/redis-spring-boot,CVE-2022-24735
terminux/redis-spring-boot,CVE-2022-24736
terminux/redis-spring-boot,CVE-2022-3647
terminux/redis-spring-boot,CVE-2022-36021
terminux/redis-spring-boot,CVE-2023-25155
supermy/flume-redis,CVE-2022-24735
supermy/flume-redis,CVE-2022-24736
supermy/flume-redis,CVE-2022-3647
supermy/flume-redis,CVE-2022-36021
supermy/flume-redis,CVE-2023-25155
wooplevip/sedis,CVE-2021-32626
wooplevip/sedis,CVE-2021-32672
wooplevip/sedis,CVE-2022-24735
wooplevip/sedis,CVE-2022-24736
wooplevip/sedis,CVE-2022-3647
wooplevip/sedis,CVE-2022-36021
wooplevip/sedis,CVE-2023-25155
Nepxion/Thunder,CVE-2021-32626
Nepxion/Thunder,CVE-2022-24735
Nepxion/Thunder,CVE-2022-24736
Nepxion/Thunder,CVE-2022-3647
Nepxion/Thunder,CVE-2022-36021
Nepxion/Thunder,CVE-2023-25155
Dennyss/sharded-spring-data-redis,CVE-2022-24735
Dennyss/sharded-spring-data-redis,CVE-2022-24736
Dennyss/sharded-spring-data-redis,CVE-2022-3647
Dennyss/sharded-spring-data-redis,CVE-2022-36021
Dennyss/sharded-spring-data-redis,CVE-2023-25155
minbox-projects/message-pipe,CVE-2021-32626
minbox-projects/message-pipe,CVE-2021-32672
minbox-projects/message-pipe,CVE-2022-24735
minbox-projects/message-pipe,CVE-2022-24736
minbox-projects/message-pipe,CVE-2022-3647
minbox-projects/message-pipe,CVE-2022-36021
minbox-projects/message-pipe,CVE-2023-25155
xushaomin/apple-security,CVE-2022-24735
xushaomin/apple-security,CVE-2022-24736
xushaomin/apple-security,CVE-2022-3647
xushaomin/apple-security,CVE-2022-36021
xushaomin/apple-security,CVE-2023-25155
java-aodeng/hope-boot,CVE-2021-32626
java-aodeng/hope-boot,CVE-2022-24735
java-aodeng/hope-boot,CVE-2022-24736
java-aodeng/hope-boot,CVE-2022-3647
java-aodeng/hope-boot,CVE-2022-36021
java-aodeng/hope-boot,CVE-2023-25155
redis-developer/spring-batch-redis,CVE-2022-24735
redis-developer/spring-batch-redis,CVE-2022-24736
redis-developer/spring-batch-redis,CVE-2022-3647
redis-developer/spring-batch-redis,CVE-2022-36021
redis-developer/spring-batch-redis,CVE-2023-25155
pavankjadda/Redis-Hibernate2ndLevelCache-SpringBoot,CVE-2021-32626
pavankjadda/Redis-Hibernate2ndLevelCache-SpringBoot,CVE-2021-32672
pavankjadda/Redis-Hibernate2ndLevelCache-SpringBoot,CVE-2022-24735
pavankjadda/Redis-Hibernate2ndLevelCache-SpringBoot,CVE-2022-24736
pavankjadda/Redis-Hibernate2ndLevelCache-SpringBoot,CVE-2022-3647
pavankjadda/Redis-Hibernate2ndLevelCache-SpringBoot,CVE-2022-36021
pavankjadda/Redis-Hibernate2ndLevelCache-SpringBoot,CVE-2023-25155
jxttian/LoggingAppender,CVE-2021-32626
jxttian/LoggingAppender,CVE-2021-32672
jxttian/LoggingAppender,CVE-2022-24735
jxttian/LoggingAppender,CVE-2022-24736
jxttian/LoggingAppender,CVE-2022-3647
jxttian/LoggingAppender,CVE-2022-36021
jxttian/LoggingAppender,CVE-2023-25155
youlaitech/youlai-mall,CVE-2021-32626
youlaitech/youlai-mall,CVE-2021-32672
youlaitech/youlai-mall,CVE-2022-24735
youlaitech/youlai-mall,CVE-2022-24736
youlaitech/youlai-mall,CVE-2022-3647
youlaitech/youlai-mall,CVE-2022-36021
youlaitech/youlai-mall,CVE-2023-25155
fartherp/shiro-redisson,CVE-2021-32626
fartherp/shiro-redisson,CVE-2021-32672
fartherp/shiro-redisson,CVE-2022-24735
fartherp/shiro-redisson,CVE-2022-24736
fartherp/shiro-redisson,CVE-2022-3647
fartherp/shiro-redisson,CVE-2022-36021
fartherp/shiro-redisson,CVE-2023-25155
Fatezhang/scaffold-cloud,CVE-2022-24735
Fatezhang/scaffold-cloud,CVE-2022-24736
Fatezhang/scaffold-cloud,CVE-2022-3647
Fatezhang/scaffold-cloud,CVE-2022-36021
Fatezhang/scaffold-cloud,CVE-2023-25155
justlive1/earth-frost,CVE-2021-32626
justlive1/earth-frost,CVE-2021-32672
justlive1/earth-frost,CVE-2022-24735
justlive1/earth-frost,CVE-2022-24736
justlive1/earth-frost,CVE-2022-3647
justlive1/earth-frost,CVE-2022-36021
justlive1/earth-frost,CVE-2023-25155
kevinleeex/redeq,CVE-2021-32626
kevinleeex/redeq,CVE-2021-32672
kevinleeex/redeq,CVE-2022-24735
kevinleeex/redeq,CVE-2022-24736
kevinleeex/redeq,CVE-2022-3647
kevinleeex/redeq,CVE-2022-36021
kevinleeex/redeq,CVE-2023-25155
zhangyd-c/OneBlog,CVE-2022-24735
zhangyd-c/OneBlog,CVE-2022-24736
zhangyd-c/OneBlog,CVE-2022-3647
zhangyd-c/OneBlog,CVE-2022-36021
zhangyd-c/OneBlog,CVE-2023-25155
TFdream/juice,CVE-2022-24735
TFdream/juice,CVE-2022-24736
TFdream/juice,CVE-2022-3647
TFdream/juice,CVE-2022-36021
TFdream/juice,CVE-2023-25155
yanghaiji/javayh-middleware,CVE-2021-32626
yanghaiji/javayh-middleware,CVE-2021-32672
yanghaiji/javayh-middleware,CVE-2022-24735
yanghaiji/javayh-middleware,CVE-2022-24736
yanghaiji/javayh-middleware,CVE-2022-3647
yanghaiji/javayh-middleware,CVE-2022-36021
yanghaiji/javayh-middleware,CVE-2023-25155
gongfukangEE/MMALL,CVE-2021-32626
gongfukangEE/MMALL,CVE-2022-24735
gongfukangEE/MMALL,CVE-2022-24736
gongfukangEE/MMALL,CVE-2022-3647
gongfukangEE/MMALL,CVE-2022-36021
gongfukangEE/MMALL,CVE-2023-25155
rancui/Mall,CVE-2021-32626
rancui/Mall,CVE-2022-24735
rancui/Mall,CVE-2022-24736
rancui/Mall,CVE-2022-3647
rancui/Mall,CVE-2022-36021
rancui/Mall,CVE-2023-25155
jwpttcg66/NettyGameServer,CVE-2022-24735
jwpttcg66/NettyGameServer,CVE-2022-24736
jwpttcg66/NettyGameServer,CVE-2022-3647
jwpttcg66/NettyGameServer,CVE-2022-36021
jwpttcg66/NettyGameServer,CVE-2023-25155
pearstack/lock-spring-boot-starter,CVE-2021-32626
pearstack/lock-spring-boot-starter,CVE-2021-32672
pearstack/lock-spring-boot-starter,CVE-2022-24735
pearstack/lock-spring-boot-starter,CVE-2022-24736
pearstack/lock-spring-boot-starter,CVE-2022-3647
pearstack/lock-spring-boot-starter,CVE-2022-36021
pearstack/lock-spring-boot-starter,CVE-2023-25155
cyq89051127/flink-redis-sink,CVE-2021-32626
cyq89051127/flink-redis-sink,CVE-2021-32672
cyq89051127/flink-redis-sink,CVE-2022-24735
cyq89051127/flink-redis-sink,CVE-2022-24736
cyq89051127/flink-redis-sink,CVE-2022-3647
cyq89051127/flink-redis-sink,CVE-2022-36021
cyq89051127/flink-redis-sink,CVE-2023-25155
luna-learn/flink-connector-redis,CVE-2021-32626
luna-learn/flink-connector-redis,CVE-2021-32672
luna-learn/flink-connector-redis,CVE-2022-24735
luna-learn/flink-connector-redis,CVE-2022-24736
luna-learn/flink-connector-redis,CVE-2022-3647
luna-learn/flink-connector-redis,CVE-2022-36021
luna-learn/flink-connector-redis,CVE-2023-25155
Xiao-Y/learn,CVE-2022-24735
Xiao-Y/learn,CVE-2022-24736
Xiao-Y/learn,CVE-2022-3647
Xiao-Y/learn,CVE-2022-36021
Xiao-Y/learn,CVE-2023-25155
redis-field-engineering/redis-smart-cache,CVE-2022-24735
redis-field-engineering/redis-smart-cache,CVE-2022-24736
redis-field-engineering/redis-smart-cache,CVE-2022-3647
redis-field-engineering/redis-smart-cache,CVE-2022-36021
redis-field-engineering/redis-smart-cache,CVE-2023-25155
yanjingfan/sakura-boot,CVE-2021-32626
yanjingfan/sakura-boot,CVE-2021-32672
yanjingfan/sakura-boot,CVE-2022-24735
yanjingfan/sakura-boot,CVE-2022-24736
yanjingfan/sakura-boot,CVE-2022-3647
yanjingfan/sakura-boot,CVE-2022-36021
yanjingfan/sakura-boot,CVE-2023-25155
dingxinliang88/hmdp,CVE-2021-32626
dingxinliang88/hmdp,CVE-2021-32672
dingxinliang88/hmdp,CVE-2022-24735
dingxinliang88/hmdp,CVE-2022-24736
dingxinliang88/hmdp,CVE-2022-3647
dingxinliang88/hmdp,CVE-2022-36021
dingxinliang88/hmdp,CVE-2023-25155
leopardoooo/easyooo-framework,CVE-2021-32626
leopardoooo/easyooo-framework,CVE-2022-24735
leopardoooo/easyooo-framework,CVE-2022-24736
leopardoooo/easyooo-framework,CVE-2022-3647
leopardoooo/easyooo-framework,CVE-2022-36021
leopardoooo/easyooo-framework,CVE-2023-25155
tuanzuo/redismanager,CVE-2021-32626
tuanzuo/redismanager,CVE-2021-32672
tuanzuo/redismanager,CVE-2022-24735
tuanzuo/redismanager,CVE-2022-24736
tuanzuo/redismanager,CVE-2022-3647
tuanzuo/redismanager,CVE-2022-36021
tuanzuo/redismanager,CVE-2023-25155
square-knight/redislock-spring-boot-starter,CVE-2022-24735
square-knight/redislock-spring-boot-starter,CVE-2022-24736
square-knight/redislock-spring-boot-starter,CVE-2022-3647
square-knight/redislock-spring-boot-starter,CVE-2022-36021
square-knight/redislock-spring-boot-starter,CVE-2023-25155
huashijun/redis,CVE-2021-32626
huashijun/redis,CVE-2021-32672
huashijun/redis,CVE-2022-24735
huashijun/redis,CVE-2022-24736
huashijun/redis,CVE-2022-3647
huashijun/redis,CVE-2022-36021
huashijun/redis,CVE-2023-25155
hiparker/opsli-boot,CVE-2021-32626
hiparker/opsli-boot,CVE-2021-32672
hiparker/opsli-boot,CVE-2022-24735
hiparker/opsli-boot,CVE-2022-24736
hiparker/opsli-boot,CVE-2022-3647
hiparker/opsli-boot,CVE-2022-36021
hiparker/opsli-boot,CVE-2023-25155
guocay/Mekatok,CVE-2021-32626
guocay/Mekatok,CVE-2021-32672
guocay/Mekatok,CVE-2022-24735
guocay/Mekatok,CVE-2022-24736
guocay/Mekatok,CVE-2022-3647
guocay/Mekatok,CVE-2022-36021
guocay/Mekatok,CVE-2023-25155
redis-field-engineering/redis-micrometer,CVE-2022-24735
redis-field-engineering/redis-micrometer,CVE-2022-24736
redis-field-engineering/redis-micrometer,CVE-2022-3647
redis-field-engineering/redis-micrometer,CVE-2022-36021
redis-field-engineering/redis-micrometer,CVE-2023-25155
wahello/xproject,CVE-2022-24735
wahello/xproject,CVE-2022-24736
wahello/xproject,CVE-2022-3647
wahello/xproject,CVE-2022-36021
wahello/xproject,CVE-2023-25155
adsoul/redjob,CVE-2022-24735
adsoul/redjob,CVE-2022-24736
adsoul/redjob,CVE-2022-3647
adsoul/redjob,CVE-2022-36021
adsoul/redjob,CVE-2023-25155
zhuangjinjin/piccolo,CVE-2021-32626
zhuangjinjin/piccolo,CVE-2021-32672
zhuangjinjin/piccolo,CVE-2022-24735
zhuangjinjin/piccolo,CVE-2022-24736
zhuangjinjin/piccolo,CVE-2022-3647
zhuangjinjin/piccolo,CVE-2022-36021
zhuangjinjin/piccolo,CVE-2023-25155
uuhnaut69/debezium-standalone-server,CVE-2021-32626
uuhnaut69/debezium-standalone-server,CVE-2021-32672
uuhnaut69/debezium-standalone-server,CVE-2022-24735
uuhnaut69/debezium-standalone-server,CVE-2022-24736
uuhnaut69/debezium-standalone-server,CVE-2022-3647
uuhnaut69/debezium-standalone-server,CVE-2022-36021
uuhnaut69/debezium-standalone-server,CVE-2023-25155
weeget-tech/l2cache,CVE-2021-32626
weeget-tech/l2cache,CVE-2021-32672
weeget-tech/l2cache,CVE-2022-24735
weeget-tech/l2cache,CVE-2022-24736
weeget-tech/l2cache,CVE-2022-3647
weeget-tech/l2cache,CVE-2022-36021
weeget-tech/l2cache,CVE-2023-25155
behappy-project/behappy-redis,CVE-2021-32626
behappy-project/behappy-redis,CVE-2021-32672
behappy-project/behappy-redis,CVE-2022-24735
behappy-project/behappy-redis,CVE-2022-24736
behappy-project/behappy-redis,CVE-2022-3647
behappy-project/behappy-redis,CVE-2022-36021
behappy-project/behappy-redis,CVE-2023-25155
AtterGroup/atter-jedis,CVE-2021-32626
AtterGroup/atter-jedis,CVE-2022-24735
AtterGroup/atter-jedis,CVE-2022-24736
AtterGroup/atter-jedis,CVE-2022-3647
AtterGroup/atter-jedis,CVE-2022-36021
AtterGroup/atter-jedis,CVE-2023-25155
redis-field-engineering/redis-kafka-connect,CVE-2021-32626
redis-field-engineering/redis-kafka-connect,CVE-2022-24735
redis-field-engineering/redis-kafka-connect,CVE-2022-24736
redis-field-engineering/redis-kafka-connect,CVE-2022-3647
redis-field-engineering/redis-kafka-connect,CVE-2022-36021
redis-field-engineering/redis-kafka-connect,CVE-2023-25155
KimTou/KT-Chat,CVE-2022-24735
KimTou/KT-Chat,CVE-2022-24736
KimTou/KT-Chat,CVE-2022-3647
KimTou/KT-Chat,CVE-2022-36021
KimTou/KT-Chat,CVE-2023-25155
lunasaw/redis-spring-boot-starter,CVE-2022-24735
lunasaw/redis-spring-boot-starter,CVE-2022-24736
lunasaw/redis-spring-boot-starter,CVE-2022-3647
lunasaw/redis-spring-boot-starter,CVE-2022-36021
lunasaw/redis-spring-boot-starter,CVE-2023-25155
JacksonTu/hdw-dubbo,CVE-2021-32626
JacksonTu/hdw-dubbo,CVE-2021-32672
JacksonTu/hdw-dubbo,CVE-2022-24735
JacksonTu/hdw-dubbo,CVE-2022-24736
JacksonTu/hdw-dubbo,CVE-2022-3647
JacksonTu/hdw-dubbo,CVE-2022-36021
JacksonTu/hdw-dubbo,CVE-2023-25155
cruftex/redis-jcache,CVE-2021-32626
cruftex/redis-jcache,CVE-2022-24735
cruftex/redis-jcache,CVE-2022-24736
cruftex/redis-jcache,CVE-2022-3647
cruftex/redis-jcache,CVE-2022-36021
cruftex/redis-jcache,CVE-2023-25155
mayee/dragonshard,CVE-2021-32626
mayee/dragonshard,CVE-2021-32672
mayee/dragonshard,CVE-2022-24735
mayee/dragonshard,CVE-2022-24736
mayee/dragonshard,CVE-2022-3647
mayee/dragonshard,CVE-2022-36021
mayee/dragonshard,CVE-2023-25155
notingolmo/bucket4j-spring-redis-example,CVE-2021-32626
notingolmo/bucket4j-spring-redis-example,CVE-2021-32672
notingolmo/bucket4j-spring-redis-example,CVE-2022-24735
notingolmo/bucket4j-spring-redis-example,CVE-2022-24736
notingolmo/bucket4j-spring-redis-example,CVE-2022-3647
notingolmo/bucket4j-spring-redis-example,CVE-2022-36021
notingolmo/bucket4j-spring-redis-example,CVE-2023-25155
Charles7c/continew-admin,CVE-2021-32626
Charles7c/continew-admin,CVE-2021-32672
Charles7c/continew-admin,CVE-2022-24735
Charles7c/continew-admin,CVE-2022-24736
Charles7c/continew-admin,CVE-2022-3647
Charles7c/continew-admin,CVE-2022-36021
Charles7c/continew-admin,CVE-2023-25155
EdurtIO/datacap,CVE-2021-32626
EdurtIO/datacap,CVE-2021-32672
EdurtIO/datacap,CVE-2022-24735
EdurtIO/datacap,CVE-2022-24736
EdurtIO/datacap,CVE-2022-3647
EdurtIO/datacap,CVE-2022-36021
EdurtIO/datacap,CVE-2023-25155
Ltri/springboot-seckill,CVE-2021-32626
Ltri/springboot-seckill,CVE-2021-32672
Ltri/springboot-seckill,CVE-2022-24735
Ltri/springboot-seckill,CVE-2022-24736
Ltri/springboot-seckill,CVE-2022-3647
Ltri/springboot-seckill,CVE-2022-36021
Ltri/springboot-seckill,CVE-2023-25155
zlt2000/microservices-platform,CVE-2021-32626
zlt2000/microservices-platform,CVE-2021-32672
zlt2000/microservices-platform,CVE-2022-24735
zlt2000/microservices-platform,CVE-2022-24736
zlt2000/microservices-platform,CVE-2022-3647
zlt2000/microservices-platform,CVE-2022-36021
zlt2000/microservices-platform,CVE-2023-25155
landy8530/fortune-commons,CVE-2022-24735
landy8530/fortune-commons,CVE-2022-24736
landy8530/fortune-commons,CVE-2022-3647
landy8530/fortune-commons,CVE-2022-36021
landy8530/fortune-commons,CVE-2023-25155
FantasyZsp/redis-lock-starter,CVE-2021-32626
FantasyZsp/redis-lock-starter,CVE-2021-32672
FantasyZsp/redis-lock-starter,CVE-2022-24735
FantasyZsp/redis-lock-starter,CVE-2022-24736
FantasyZsp/redis-lock-starter,CVE-2022-3647
FantasyZsp/redis-lock-starter,CVE-2022-36021
FantasyZsp/redis-lock-starter,CVE-2023-25155
MartinDai/SpringMVC-Project,CVE-2022-24735
MartinDai/SpringMVC-Project,CVE-2022-24736
MartinDai/SpringMVC-Project,CVE-2022-3647
MartinDai/SpringMVC-Project,CVE-2022-36021
MartinDai/SpringMVC-Project,CVE-2023-25155
opentracing-contrib/java-redisson,CVE-2021-32626
opentracing-contrib/java-redisson,CVE-2021-32672
opentracing-contrib/java-redisson,CVE-2022-24735
opentracing-contrib/java-redisson,CVE-2022-24736
opentracing-contrib/java-redisson,CVE-2022-3647
opentracing-contrib/java-redisson,CVE-2022-36021
opentracing-contrib/java-redisson,CVE-2023-25155
simplefanC/voj,CVE-2021-32626
simplefanC/voj,CVE-2021-32672
simplefanC/voj,CVE-2022-24735
simplefanC/voj,CVE-2022-24736
simplefanC/voj,CVE-2022-3647
simplefanC/voj,CVE-2022-36021
simplefanC/voj,CVE-2023-25155
microwww/spring-boot-mocker-redis,CVE-2022-24735
microwww/spring-boot-mocker-redis,CVE-2022-24736
microwww/spring-boot-mocker-redis,CVE-2022-3647
microwww/spring-boot-mocker-redis,CVE-2022-36021
microwww/spring-boot-mocker-redis,CVE-2023-25155
fmeng/limiter-parent,CVE-2021-32626
fmeng/limiter-parent,CVE-2021-32672
fmeng/limiter-parent,CVE-2022-24735
fmeng/limiter-parent,CVE-2022-24736
fmeng/limiter-parent,CVE-2022-3647
fmeng/limiter-parent,CVE-2022-36021
fmeng/limiter-parent,CVE-2023-25155
zhanghui95/JwtPermission,CVE-2022-24735
zhanghui95/JwtPermission,CVE-2022-24736
zhanghui95/JwtPermission,CVE-2022-3647
zhanghui95/JwtPermission,CVE-2022-36021
zhanghui95/JwtPermission,CVE-2023-25155
steamworksmc/proxy-sync,CVE-2021-32626
steamworksmc/proxy-sync,CVE-2021-32672
steamworksmc/proxy-sync,CVE-2022-24735
steamworksmc/proxy-sync,CVE-2022-24736
steamworksmc/proxy-sync,CVE-2022-3647
steamworksmc/proxy-sync,CVE-2022-36021
steamworksmc/proxy-sync,CVE-2023-25155
leifchen/mmall,CVE-2021-32626
leifchen/mmall,CVE-2022-24735
leifchen/mmall,CVE-2022-24736
leifchen/mmall,CVE-2022-3647
leifchen/mmall,CVE-2022-36021
leifchen/mmall,CVE-2023-25155
yzcheng90/twoicc,CVE-2022-24735
yzcheng90/twoicc,CVE-2022-24736
yzcheng90/twoicc,CVE-2022-3647
yzcheng90/twoicc,CVE-2022-36021
yzcheng90/twoicc,CVE-2023-25155
MartinDai/SpringBoot-Project,CVE-2021-32626
MartinDai/SpringBoot-Project,CVE-2021-32672
MartinDai/SpringBoot-Project,CVE-2022-24735
MartinDai/SpringBoot-Project,CVE-2022-24736
MartinDai/SpringBoot-Project,CVE-2022-3647
MartinDai/SpringBoot-Project,CVE-2022-36021
MartinDai/SpringBoot-Project,CVE-2023-25155
liuenci/youdian,CVE-2021-32626
liuenci/youdian,CVE-2022-24735
liuenci/youdian,CVE-2022-24736
liuenci/youdian,CVE-2022-3647
liuenci/youdian,CVE-2022-36021
liuenci/youdian,CVE-2023-25155
wormhole/blog-ssm,CVE-2022-24735
wormhole/blog-ssm,CVE-2022-24736
wormhole/blog-ssm,CVE-2022-3647
wormhole/blog-ssm,CVE-2022-36021
wormhole/blog-ssm,CVE-2023-25155
pud-pickingUpDreamming/spring-boot-tools,CVE-2021-32626
pud-pickingUpDreamming/spring-boot-tools,CVE-2021-32672
pud-pickingUpDreamming/spring-boot-tools,CVE-2022-24735
pud-pickingUpDreamming/spring-boot-tools,CVE-2022-24736
pud-pickingUpDreamming/spring-boot-tools,CVE-2022-3647
pud-pickingUpDreamming/spring-boot-tools,CVE-2022-36021
pud-pickingUpDreamming/spring-boot-tools,CVE-2023-25155
MrEven/Redis,CVE-2022-24735
MrEven/Redis,CVE-2022-24736
MrEven/Redis,CVE-2022-3647
MrEven/Redis,CVE-2022-36021
MrEven/Redis,CVE-2023-25155
ddphin/ddphin-redis-spring-boot,CVE-2022-24735
ddphin/ddphin-redis-spring-boot,CVE-2022-24736
ddphin/ddphin-redis-spring-boot,CVE-2022-3647
ddphin/ddphin-redis-spring-boot,CVE-2022-36021
ddphin/ddphin-redis-spring-boot,CVE-2023-25155
hyblogs/ssm_framework,CVE-2022-24735
hyblogs/ssm_framework,CVE-2022-24736
hyblogs/ssm_framework,CVE-2022-3647
hyblogs/ssm_framework,CVE-2022-36021
hyblogs/ssm_framework,CVE-2023-25155
xuxiaolu/redis,CVE-2022-24735
xuxiaolu/redis,CVE-2022-24736
xuxiaolu/redis,CVE-2022-3647
xuxiaolu/redis,CVE-2022-36021
xuxiaolu/redis,CVE-2023-25155
zlikun-learning/redis,CVE-2021-32626
zlikun-learning/redis,CVE-2021-32672
zlikun-learning/redis,CVE-2022-24735
zlikun-learning/redis,CVE-2022-24736
zlikun-learning/redis,CVE-2022-3647
zlikun-learning/redis,CVE-2022-36021
zlikun-learning/redis,CVE-2023-25155
soyuone/redis,CVE-2022-24735
soyuone/redis,CVE-2022-24736
soyuone/redis,CVE-2022-3647
soyuone/redis,CVE-2022-36021
soyuone/redis,CVE-2023-25155
hugqq/Redis,CVE-2021-32626
hugqq/Redis,CVE-2021-32672
hugqq/Redis,CVE-2022-24735
hugqq/Redis,CVE-2022-24736
hugqq/Redis,CVE-2022-3647
hugqq/Redis,CVE-2022-36021
hugqq/Redis,CVE-2023-25155
kobeyk/seven-sso,CVE-2021-32626
kobeyk/seven-sso,CVE-2021-32672
kobeyk/seven-sso,CVE-2022-24735
kobeyk/seven-sso,CVE-2022-24736
kobeyk/seven-sso,CVE-2022-3647
kobeyk/seven-sso,CVE-2022-36021
kobeyk/seven-sso,CVE-2023-25155
applesline/mini-dubbo,CVE-2021-32626
applesline/mini-dubbo,CVE-2021-32672
applesline/mini-dubbo,CVE-2022-24735
applesline/mini-dubbo,CVE-2022-24736
applesline/mini-dubbo,CVE-2022-3647
applesline/mini-dubbo,CVE-2022-36021
applesline/mini-dubbo,CVE-2023-25155
MR-P17/ru102j,CVE-2022-24735
MR-P17/ru102j,CVE-2022-24736
MR-P17/ru102j,CVE-2022-3647
MR-P17/ru102j,CVE-2022-36021
MR-P17/ru102j,CVE-2023-25155
keets2012/global-lock,CVE-2022-24735
keets2012/global-lock,CVE-2022-24736
keets2012/global-lock,CVE-2022-3647
keets2012/global-lock,CVE-2022-36021
keets2012/global-lock,CVE-2023-25155
yddgit/hello-redis,CVE-2021-32626
yddgit/hello-redis,CVE-2021-32672
yddgit/hello-redis,CVE-2022-24735
yddgit/hello-redis,CVE-2022-24736
yddgit/hello-redis,CVE-2022-3647
yddgit/hello-redis,CVE-2022-36021
yddgit/hello-redis,CVE-2023-25155
WangBenpeng/redis_search_springboot,CVE-2022-24735
WangBenpeng/redis_search_springboot,CVE-2022-24736
WangBenpeng/redis_search_springboot,CVE-2022-3647
WangBenpeng/redis_search_springboot,CVE-2022-36021
WangBenpeng/redis_search_springboot,CVE-2023-25155
ZHUTX7/RedisLock,CVE-2021-32626
ZHUTX7/RedisLock,CVE-2021-32672
ZHUTX7/RedisLock,CVE-2022-24735
ZHUTX7/RedisLock,CVE-2022-24736
ZHUTX7/RedisLock,CVE-2022-3647
ZHUTX7/RedisLock,CVE-2022-36021
ZHUTX7/RedisLock,CVE-2023-25155
Scifi9902/RedissonHandler,CVE-2021-32626
Scifi9902/RedissonHandler,CVE-2021-32672
Scifi9902/RedissonHandler,CVE-2022-24735
Scifi9902/RedissonHandler,CVE-2022-24736
Scifi9902/RedissonHandler,CVE-2022-3647
Scifi9902/RedissonHandler,CVE-2022-36021
Scifi9902/RedissonHandler,CVE-2023-25155
