OryxProject/oryx,CVE-2018-11770
OryxProject/oryx,CVE-2018-11804
OryxProject/oryx,CVE-2018-17190
OryxProject/oryx,CVE-2021-38296
OryxProject/oryx,CVE-2022-33891
OryxProject/oryx,CVE-2022-31777
sigmoidanalytics/spork,CVE-2017-7678
sigmoidanalytics/spork,CVE-2018-1334
sigmoidanalytics/spork,CVE-2018-17190
sigmoidanalytics/spork,CVE-2018-11760
sigmoidanalytics/spork,CVE-2019-10099
sigmoidanalytics/spork,CVE-2020-9480
sigmoidanalytics/spork,CVE-2021-38296
sigmoidanalytics/spork,CVE-2022-33891
sigmoidanalytics/spork,CVE-2022-31777
cloudera-labs/envelope,CVE-2017-7678
cloudera-labs/envelope,CVE-2017-12612
cloudera-labs/envelope,CVE-2018-1334
cloudera-labs/envelope,CVE-2018-8024
cloudera-labs/envelope,CVE-2018-11770
cloudera-labs/envelope,CVE-2018-11804
cloudera-labs/envelope,CVE-2018-17190
cloudera-labs/envelope,CVE-2018-11760
cloudera-labs/envelope,CVE-2019-10099
cloudera-labs/envelope,CVE-2020-9480
cloudera-labs/envelope,CVE-2021-38296
cloudera-labs/envelope,CVE-2022-33891
cloudera-labs/envelope,CVE-2022-31777
jgperrin/net.jgp.labs.spark,CVE-2018-11770
jgperrin/net.jgp.labs.spark,CVE-2018-11804
jgperrin/net.jgp.labs.spark,CVE-2018-17190
jgperrin/net.jgp.labs.spark,CVE-2022-33891
jgperrin/net.jgp.labs.spark,CVE-2022-31777
cerner/bunsen,CVE-2018-11770
cerner/bunsen,CVE-2018-11804
cerner/bunsen,CVE-2018-17190
cerner/bunsen,CVE-2020-9480
cerner/bunsen,CVE-2021-38296
cerner/bunsen,CVE-2022-33891
cerner/bunsen,CVE-2022-31777
PacktPublishing/Apache-Spark-2x-for-Java-Developers,CVE-2017-7678
PacktPublishing/Apache-Spark-2x-for-Java-Developers,CVE-2017-12612
PacktPublishing/Apache-Spark-2x-for-Java-Developers,CVE-2018-1334
PacktPublishing/Apache-Spark-2x-for-Java-Developers,CVE-2018-8024
PacktPublishing/Apache-Spark-2x-for-Java-Developers,CVE-2018-11770
PacktPublishing/Apache-Spark-2x-for-Java-Developers,CVE-2018-11804
PacktPublishing/Apache-Spark-2x-for-Java-Developers,CVE-2018-17190
PacktPublishing/Apache-Spark-2x-for-Java-Developers,CVE-2018-11760
PacktPublishing/Apache-Spark-2x-for-Java-Developers,CVE-2019-10099
PacktPublishing/Apache-Spark-2x-for-Java-Developers,CVE-2020-9480
PacktPublishing/Apache-Spark-2x-for-Java-Developers,CVE-2021-38296
PacktPublishing/Apache-Spark-2x-for-Java-Developers,CVE-2022-33891
PacktPublishing/Apache-Spark-2x-for-Java-Developers,CVE-2022-31777
rovio/rovio-ingest,CVE-2018-11770
rovio/rovio-ingest,CVE-2018-11804
rovio/rovio-ingest,CVE-2018-17190
rovio/rovio-ingest,CVE-2019-10172
rovio/rovio-ingest,CVE-2021-38296
rovio/rovio-ingest,CVE-2022-33891
rovio/rovio-ingest,CVE-2022-31777
spirom/learning-spark-with-java,CVE-2018-1334
spirom/learning-spark-with-java,CVE-2018-8024
spirom/learning-spark-with-java,CVE-2018-11770
spirom/learning-spark-with-java,CVE-2018-11804
spirom/learning-spark-with-java,CVE-2018-17190
spirom/learning-spark-with-java,CVE-2018-11760
spirom/learning-spark-with-java,CVE-2019-10099
spirom/learning-spark-with-java,CVE-2020-9480
spirom/learning-spark-with-java,CVE-2021-38296
spirom/learning-spark-with-java,CVE-2022-33891
spirom/learning-spark-with-java,CVE-2022-31777
ibmruntimes/spelk,CVE-2017-7678
ibmruntimes/spelk,CVE-2017-12612
ibmruntimes/spelk,CVE-2018-1334
ibmruntimes/spelk,CVE-2018-11770
ibmruntimes/spelk,CVE-2018-11804
ibmruntimes/spelk,CVE-2018-17190
ibmruntimes/spelk,CVE-2018-11760
ibmruntimes/spelk,CVE-2019-10099
ibmruntimes/spelk,CVE-2020-9480
ibmruntimes/spelk,CVE-2021-38296
ibmruntimes/spelk,CVE-2022-33891
ibmruntimes/spelk,CVE-2022-31777
disq-bio/disq,CVE-2018-11770
disq-bio/disq,CVE-2018-11804
disq-bio/disq,CVE-2018-17190
disq-bio/disq,CVE-2022-31777
Mellanox/SparkRDMA,CVE-2017-7678
Mellanox/SparkRDMA,CVE-2017-12612
Mellanox/SparkRDMA,CVE-2018-1334
Mellanox/SparkRDMA,CVE-2018-11770
Mellanox/SparkRDMA,CVE-2018-11804
Mellanox/SparkRDMA,CVE-2018-17190
Mellanox/SparkRDMA,CVE-2018-11760
Mellanox/SparkRDMA,CVE-2019-10099
Mellanox/SparkRDMA,CVE-2020-9480
Mellanox/SparkRDMA,CVE-2021-38296
Mellanox/SparkRDMA,CVE-2022-33891
Mellanox/SparkRDMA,CVE-2022-31777
nielsutrecht/spark-of-life,CVE-2017-7678
nielsutrecht/spark-of-life,CVE-2017-12612
nielsutrecht/spark-of-life,CVE-2018-1334
nielsutrecht/spark-of-life,CVE-2018-8024
nielsutrecht/spark-of-life,CVE-2018-11770
nielsutrecht/spark-of-life,CVE-2018-11804
nielsutrecht/spark-of-life,CVE-2018-17190
nielsutrecht/spark-of-life,CVE-2018-11760
nielsutrecht/spark-of-life,CVE-2019-10099
nielsutrecht/spark-of-life,CVE-2020-9480
nielsutrecht/spark-of-life,CVE-2021-38296
nielsutrecht/spark-of-life,CVE-2022-33891
nielsutrecht/spark-of-life,CVE-2022-31777
sbl-sdsc/mmtf-spark,CVE-2018-11770
sbl-sdsc/mmtf-spark,CVE-2018-11804
sbl-sdsc/mmtf-spark,CVE-2018-17190
sbl-sdsc/mmtf-spark,CVE-2020-9480
sbl-sdsc/mmtf-spark,CVE-2021-38296
sbl-sdsc/mmtf-spark,CVE-2022-33891
sbl-sdsc/mmtf-spark,CVE-2022-31777
linux-devil/spark-dbscan,CVE-2017-7678
linux-devil/spark-dbscan,CVE-2018-1334
linux-devil/spark-dbscan,CVE-2018-11770
linux-devil/spark-dbscan,CVE-2018-11804
linux-devil/spark-dbscan,CVE-2018-17190
linux-devil/spark-dbscan,CVE-2018-11760
linux-devil/spark-dbscan,CVE-2019-10099
linux-devil/spark-dbscan,CVE-2020-9480
linux-devil/spark-dbscan,CVE-2021-38296
linux-devil/spark-dbscan,CVE-2022-33891
linux-devil/spark-dbscan,CVE-2022-31777
jgperrin/net.jgp.labs.spark.datasources,CVE-2018-1334
jgperrin/net.jgp.labs.spark.datasources,CVE-2018-8024
jgperrin/net.jgp.labs.spark.datasources,CVE-2018-11770
jgperrin/net.jgp.labs.spark.datasources,CVE-2018-11804
jgperrin/net.jgp.labs.spark.datasources,CVE-2018-17190
jgperrin/net.jgp.labs.spark.datasources,CVE-2018-11760
jgperrin/net.jgp.labs.spark.datasources,CVE-2019-10099
jgperrin/net.jgp.labs.spark.datasources,CVE-2020-9480
jgperrin/net.jgp.labs.spark.datasources,CVE-2021-38296
jgperrin/net.jgp.labs.spark.datasources,CVE-2022-33891
jgperrin/net.jgp.labs.spark.datasources,CVE-2022-31777
tf-dbis-uni-freiburg/PRoST,CVE-2017-7678
tf-dbis-uni-freiburg/PRoST,CVE-2017-12612
tf-dbis-uni-freiburg/PRoST,CVE-2018-1334
tf-dbis-uni-freiburg/PRoST,CVE-2018-8024
tf-dbis-uni-freiburg/PRoST,CVE-2018-11770
tf-dbis-uni-freiburg/PRoST,CVE-2018-11804
tf-dbis-uni-freiburg/PRoST,CVE-2018-17190
tf-dbis-uni-freiburg/PRoST,CVE-2018-11760
tf-dbis-uni-freiburg/PRoST,CVE-2019-10099
tf-dbis-uni-freiburg/PRoST,CVE-2020-9480
tf-dbis-uni-freiburg/PRoST,CVE-2021-38296
tf-dbis-uni-freiburg/PRoST,CVE-2022-33891
tf-dbis-uni-freiburg/PRoST,CVE-2022-31777
politie/cinch,CVE-2017-7678
politie/cinch,CVE-2017-12612
politie/cinch,CVE-2018-1334
politie/cinch,CVE-2018-11770
politie/cinch,CVE-2018-11804
politie/cinch,CVE-2018-17190
politie/cinch,CVE-2018-11760
politie/cinch,CVE-2019-10099
politie/cinch,CVE-2020-9480
politie/cinch,CVE-2021-38296
politie/cinch,CVE-2022-33891
politie/cinch,CVE-2022-31777
NGSeq/ViraPipe,CVE-2017-7678
NGSeq/ViraPipe,CVE-2017-12612
NGSeq/ViraPipe,CVE-2018-1334
NGSeq/ViraPipe,CVE-2018-8024
NGSeq/ViraPipe,CVE-2018-11770
NGSeq/ViraPipe,CVE-2018-11804
NGSeq/ViraPipe,CVE-2018-17190
NGSeq/ViraPipe,CVE-2018-11760
NGSeq/ViraPipe,CVE-2019-10099
NGSeq/ViraPipe,CVE-2020-9480
NGSeq/ViraPipe,CVE-2021-38296
NGSeq/ViraPipe,CVE-2022-33891
NGSeq/ViraPipe,CVE-2022-31777
cosminseceleanu/movie-recommender,CVE-2017-7678
cosminseceleanu/movie-recommender,CVE-2017-12612
cosminseceleanu/movie-recommender,CVE-2018-1334
cosminseceleanu/movie-recommender,CVE-2018-8024
cosminseceleanu/movie-recommender,CVE-2018-11770
cosminseceleanu/movie-recommender,CVE-2018-11804
cosminseceleanu/movie-recommender,CVE-2018-17190
cosminseceleanu/movie-recommender,CVE-2018-11760
cosminseceleanu/movie-recommender,CVE-2019-10099
cosminseceleanu/movie-recommender,CVE-2020-9480
cosminseceleanu/movie-recommender,CVE-2021-38296
cosminseceleanu/movie-recommender,CVE-2022-33891
cosminseceleanu/movie-recommender,CVE-2022-31777
SNidhal/ASN1SparkDatasource,CVE-2018-11770
SNidhal/ASN1SparkDatasource,CVE-2018-11804
SNidhal/ASN1SparkDatasource,CVE-2018-17190
SNidhal/ASN1SparkDatasource,CVE-2020-9480
SNidhal/ASN1SparkDatasource,CVE-2021-38296
SNidhal/ASN1SparkDatasource,CVE-2022-33891
SNidhal/ASN1SparkDatasource,CVE-2022-31777
thammegowda/tika-dl4j-spark-imgrec,CVE-2017-7678
thammegowda/tika-dl4j-spark-imgrec,CVE-2017-12612
thammegowda/tika-dl4j-spark-imgrec,CVE-2018-1334
thammegowda/tika-dl4j-spark-imgrec,CVE-2018-8024
thammegowda/tika-dl4j-spark-imgrec,CVE-2018-11770
thammegowda/tika-dl4j-spark-imgrec,CVE-2018-11804
thammegowda/tika-dl4j-spark-imgrec,CVE-2018-17190
thammegowda/tika-dl4j-spark-imgrec,CVE-2018-11760
thammegowda/tika-dl4j-spark-imgrec,CVE-2019-10099
thammegowda/tika-dl4j-spark-imgrec,CVE-2020-9480
thammegowda/tika-dl4j-spark-imgrec,CVE-2021-38296
thammegowda/tika-dl4j-spark-imgrec,CVE-2022-33891
thammegowda/tika-dl4j-spark-imgrec,CVE-2022-31777
bigdatagenomics/bdg-services,CVE-2017-7678
bigdatagenomics/bdg-services,CVE-2018-1334
bigdatagenomics/bdg-services,CVE-2018-17190
bigdatagenomics/bdg-services,CVE-2020-9480
bigdatagenomics/bdg-services,CVE-2021-38296
bigdatagenomics/bdg-services,CVE-2022-33891
bigdatagenomics/bdg-services,CVE-2022-31777
nielsutrecht/jfall-sentiment,CVE-2017-7678
nielsutrecht/jfall-sentiment,CVE-2018-1334
nielsutrecht/jfall-sentiment,CVE-2018-11770
nielsutrecht/jfall-sentiment,CVE-2018-11804
nielsutrecht/jfall-sentiment,CVE-2018-17190
nielsutrecht/jfall-sentiment,CVE-2018-11760
nielsutrecht/jfall-sentiment,CVE-2019-10099
nielsutrecht/jfall-sentiment,CVE-2020-9480
nielsutrecht/jfall-sentiment,CVE-2021-38296
nielsutrecht/jfall-sentiment,CVE-2022-33891
nielsutrecht/jfall-sentiment,CVE-2022-31777
yugagarin/ctakesspark,CVE-2018-1334
yugagarin/ctakesspark,CVE-2018-8024
yugagarin/ctakesspark,CVE-2018-11770
yugagarin/ctakesspark,CVE-2018-11804
yugagarin/ctakesspark,CVE-2018-17190
yugagarin/ctakesspark,CVE-2018-11760
yugagarin/ctakesspark,CVE-2019-10099
yugagarin/ctakesspark,CVE-2020-9480
yugagarin/ctakesspark,CVE-2021-38296
yugagarin/ctakesspark,CVE-2022-33891
yugagarin/ctakesspark,CVE-2022-31777
zoho-labs/Explainer,CVE-2017-7678
zoho-labs/Explainer,CVE-2018-1334
zoho-labs/Explainer,CVE-2018-11770
zoho-labs/Explainer,CVE-2018-11804
zoho-labs/Explainer,CVE-2018-17190
zoho-labs/Explainer,CVE-2018-11760
zoho-labs/Explainer,CVE-2019-10099
zoho-labs/Explainer,CVE-2020-9480
zoho-labs/Explainer,CVE-2021-38296
zoho-labs/Explainer,CVE-2022-33891
zoho-labs/Explainer,CVE-2022-31777
SebastianMue/JavaRank,CVE-2018-11770
SebastianMue/JavaRank,CVE-2018-11804
SebastianMue/JavaRank,CVE-2018-17190
SebastianMue/JavaRank,CVE-2020-9480
SebastianMue/JavaRank,CVE-2021-38296
SebastianMue/JavaRank,CVE-2022-33891
SebastianMue/JavaRank,CVE-2022-31777
ngageoint/mrgeo,CVE-2018-1334
ngageoint/mrgeo,CVE-2018-8024
ngageoint/mrgeo,CVE-2018-11770
ngageoint/mrgeo,CVE-2018-11804
ngageoint/mrgeo,CVE-2018-17190
ngageoint/mrgeo,CVE-2018-11760
ngageoint/mrgeo,CVE-2019-10099
ngageoint/mrgeo,CVE-2020-9480
ngageoint/mrgeo,CVE-2021-38296
ngageoint/mrgeo,CVE-2022-33891
ngageoint/mrgeo,CVE-2022-31777
rcsb/spark_util,CVE-2017-7678
rcsb/spark_util,CVE-2017-12612
rcsb/spark_util,CVE-2018-1334
rcsb/spark_util,CVE-2018-11770
rcsb/spark_util,CVE-2018-11804
rcsb/spark_util,CVE-2018-17190
rcsb/spark_util,CVE-2018-11760
rcsb/spark_util,CVE-2019-10099
rcsb/spark_util,CVE-2020-9480
rcsb/spark_util,CVE-2021-38296
rcsb/spark_util,CVE-2022-33891
rcsb/spark_util,CVE-2022-31777
dlanza1/ExDeMon,CVE-2018-1334
dlanza1/ExDeMon,CVE-2018-8024
dlanza1/ExDeMon,CVE-2018-11770
dlanza1/ExDeMon,CVE-2018-11804
dlanza1/ExDeMon,CVE-2018-17190
dlanza1/ExDeMon,CVE-2018-11760
dlanza1/ExDeMon,CVE-2019-10099
dlanza1/ExDeMon,CVE-2020-9480
dlanza1/ExDeMon,CVE-2021-38296
dlanza1/ExDeMon,CVE-2022-33891
dlanza1/ExDeMon,CVE-2022-31777
jgperrin/net.jgp.labs.informix2spark,CVE-2018-11770
jgperrin/net.jgp.labs.informix2spark,CVE-2018-11804
jgperrin/net.jgp.labs.informix2spark,CVE-2018-17190
jgperrin/net.jgp.labs.informix2spark,CVE-2021-38296
jgperrin/net.jgp.labs.informix2spark,CVE-2022-33891
jgperrin/net.jgp.labs.informix2spark,CVE-2022-31777
Nastel/tnt4j-spark,CVE-2018-11770
Nastel/tnt4j-spark,CVE-2018-11804
Nastel/tnt4j-spark,CVE-2018-17190
ihr/java8-spark,CVE-2017-7678
ihr/java8-spark,CVE-2018-1334
ihr/java8-spark,CVE-2018-11770
ihr/java8-spark,CVE-2018-11804
ihr/java8-spark,CVE-2018-17190
ihr/java8-spark,CVE-2018-11760
ihr/java8-spark,CVE-2019-10099
ihr/java8-spark,CVE-2020-9480
ihr/java8-spark,CVE-2021-38296
ihr/java8-spark,CVE-2022-33891
ihr/java8-spark,CVE-2022-31777
katus98/gis-vector-spark,CVE-2018-11770
katus98/gis-vector-spark,CVE-2018-11804
katus98/gis-vector-spark,CVE-2018-17190
katus98/gis-vector-spark,CVE-2020-9480
katus98/gis-vector-spark,CVE-2021-38296
katus98/gis-vector-spark,CVE-2022-33891
katus98/gis-vector-spark,CVE-2022-31777
jmabuin/BLASpark,CVE-2018-11770
jmabuin/BLASpark,CVE-2018-11804
jmabuin/BLASpark,CVE-2018-17190
jmabuin/BLASpark,CVE-2020-9480
jmabuin/BLASpark,CVE-2021-38296
jmabuin/BLASpark,CVE-2022-33891
jmabuin/BLASpark,CVE-2022-31777
nielsutrecht/spark-sentiment,CVE-2017-7678
nielsutrecht/spark-sentiment,CVE-2017-12612
nielsutrecht/spark-sentiment,CVE-2018-1334
nielsutrecht/spark-sentiment,CVE-2018-11770
nielsutrecht/spark-sentiment,CVE-2018-11804
nielsutrecht/spark-sentiment,CVE-2018-17190
nielsutrecht/spark-sentiment,CVE-2018-11760
nielsutrecht/spark-sentiment,CVE-2019-10099
nielsutrecht/spark-sentiment,CVE-2020-9480
nielsutrecht/spark-sentiment,CVE-2021-38296
nielsutrecht/spark-sentiment,CVE-2022-33891
nielsutrecht/spark-sentiment,CVE-2022-31777
egemsoft/cassandra-spark-rollup,CVE-2017-7678
egemsoft/cassandra-spark-rollup,CVE-2018-1334
egemsoft/cassandra-spark-rollup,CVE-2018-17190
egemsoft/cassandra-spark-rollup,CVE-2018-11760
egemsoft/cassandra-spark-rollup,CVE-2019-10099
egemsoft/cassandra-spark-rollup,CVE-2020-9480
egemsoft/cassandra-spark-rollup,CVE-2021-38296
egemsoft/cassandra-spark-rollup,CVE-2022-33891
egemsoft/cassandra-spark-rollup,CVE-2022-31777
awslabs/aws-glue-data-catalog-client-for-apache-hive-metastore,CVE-2018-11770
awslabs/aws-glue-data-catalog-client-for-apache-hive-metastore,CVE-2018-11804
awslabs/aws-glue-data-catalog-client-for-apache-hive-metastore,CVE-2018-17190
awslabs/aws-glue-data-catalog-client-for-apache-hive-metastore,CVE-2020-9480
awslabs/aws-glue-data-catalog-client-for-apache-hive-metastore,CVE-2021-38296
awslabs/aws-glue-data-catalog-client-for-apache-hive-metastore,CVE-2022-33891
awslabs/aws-glue-data-catalog-client-for-apache-hive-metastore,CVE-2022-31777
predictiveworks/cdap-spark,CVE-2018-11770
predictiveworks/cdap-spark,CVE-2018-11804
predictiveworks/cdap-spark,CVE-2018-17190
predictiveworks/cdap-spark,CVE-2018-11760
predictiveworks/cdap-spark,CVE-2019-10099
predictiveworks/cdap-spark,CVE-2020-9480
predictiveworks/cdap-spark,CVE-2021-38296
predictiveworks/cdap-spark,CVE-2022-33891
predictiveworks/cdap-spark,CVE-2022-31777
jgperrin/net.jgp.labs.sparkdq4ml,CVE-2018-11770
jgperrin/net.jgp.labs.sparkdq4ml,CVE-2018-11804
jgperrin/net.jgp.labs.sparkdq4ml,CVE-2018-17190
jgperrin/net.jgp.labs.sparkdq4ml,CVE-2020-9480
jgperrin/net.jgp.labs.sparkdq4ml,CVE-2021-38296
jgperrin/net.jgp.labs.sparkdq4ml,CVE-2022-33891
jgperrin/net.jgp.labs.sparkdq4ml,CVE-2022-31777
chen0040/spark-ml-recommender,CVE-2017-7678
chen0040/spark-ml-recommender,CVE-2017-12612
chen0040/spark-ml-recommender,CVE-2018-1334
chen0040/spark-ml-recommender,CVE-2018-11770
chen0040/spark-ml-recommender,CVE-2018-11804
chen0040/spark-ml-recommender,CVE-2018-17190
chen0040/spark-ml-recommender,CVE-2018-11760
chen0040/spark-ml-recommender,CVE-2019-10099
chen0040/spark-ml-recommender,CVE-2020-9480
chen0040/spark-ml-recommender,CVE-2021-38296
chen0040/spark-ml-recommender,CVE-2022-33891
chen0040/spark-ml-recommender,CVE-2022-31777
nkoutroumanis/RdfProject-Msc,CVE-2017-7678
nkoutroumanis/RdfProject-Msc,CVE-2018-1334
nkoutroumanis/RdfProject-Msc,CVE-2018-11770
nkoutroumanis/RdfProject-Msc,CVE-2018-11804
nkoutroumanis/RdfProject-Msc,CVE-2018-17190
nkoutroumanis/RdfProject-Msc,CVE-2018-11760
nkoutroumanis/RdfProject-Msc,CVE-2019-10099
nkoutroumanis/RdfProject-Msc,CVE-2020-9480
nkoutroumanis/RdfProject-Msc,CVE-2021-38296
nkoutroumanis/RdfProject-Msc,CVE-2022-33891
nkoutroumanis/RdfProject-Msc,CVE-2022-31777
synsys/spark,CVE-2017-7678
synsys/spark,CVE-2018-1334
synsys/spark,CVE-2018-11770
synsys/spark,CVE-2018-11804
synsys/spark,CVE-2018-17190
synsys/spark,CVE-2018-11760
synsys/spark,CVE-2019-10099
synsys/spark,CVE-2020-9480
synsys/spark,CVE-2021-38296
synsys/spark,CVE-2022-33891
synsys/spark,CVE-2022-31777
contactsunny/SparkMongoConnectorPOC,CVE-2018-1334
contactsunny/SparkMongoConnectorPOC,CVE-2018-8024
contactsunny/SparkMongoConnectorPOC,CVE-2018-11770
contactsunny/SparkMongoConnectorPOC,CVE-2018-11804
contactsunny/SparkMongoConnectorPOC,CVE-2018-17190
contactsunny/SparkMongoConnectorPOC,CVE-2018-11760
contactsunny/SparkMongoConnectorPOC,CVE-2019-10099
contactsunny/SparkMongoConnectorPOC,CVE-2020-9480
contactsunny/SparkMongoConnectorPOC,CVE-2021-38296
contactsunny/SparkMongoConnectorPOC,CVE-2022-33891
contactsunny/SparkMongoConnectorPOC,CVE-2022-31777
niftimus/SparkMMS,CVE-2018-11770
niftimus/SparkMMS,CVE-2018-11804
niftimus/SparkMMS,CVE-2018-17190
niftimus/SparkMMS,CVE-2021-38296
niftimus/SparkMMS,CVE-2022-33891
niftimus/SparkMMS,CVE-2022-31777
outlander24/Spark-Most-Frequent-Word-Counter,CVE-2018-11770
outlander24/Spark-Most-Frequent-Word-Counter,CVE-2018-11804
outlander24/Spark-Most-Frequent-Word-Counter,CVE-2018-17190
outlander24/Spark-Most-Frequent-Word-Counter,CVE-2018-11760
outlander24/Spark-Most-Frequent-Word-Counter,CVE-2019-10099
outlander24/Spark-Most-Frequent-Word-Counter,CVE-2020-9480
outlander24/Spark-Most-Frequent-Word-Counter,CVE-2021-38296
outlander24/Spark-Most-Frequent-Word-Counter,CVE-2022-33891
outlander24/Spark-Most-Frequent-Word-Counter,CVE-2022-31777
anjanatiha/Distributed-Big-Data-Application-for-Large-Scale-US-Stock-Market-Data-Analysis,CVE-2017-7678
anjanatiha/Distributed-Big-Data-Application-for-Large-Scale-US-Stock-Market-Data-Analysis,CVE-2017-12612
anjanatiha/Distributed-Big-Data-Application-for-Large-Scale-US-Stock-Market-Data-Analysis,CVE-2018-1334
anjanatiha/Distributed-Big-Data-Application-for-Large-Scale-US-Stock-Market-Data-Analysis,CVE-2018-8024
anjanatiha/Distributed-Big-Data-Application-for-Large-Scale-US-Stock-Market-Data-Analysis,CVE-2018-11770
anjanatiha/Distributed-Big-Data-Application-for-Large-Scale-US-Stock-Market-Data-Analysis,CVE-2018-11804
anjanatiha/Distributed-Big-Data-Application-for-Large-Scale-US-Stock-Market-Data-Analysis,CVE-2018-17190
anjanatiha/Distributed-Big-Data-Application-for-Large-Scale-US-Stock-Market-Data-Analysis,CVE-2018-11760
anjanatiha/Distributed-Big-Data-Application-for-Large-Scale-US-Stock-Market-Data-Analysis,CVE-2019-10099
anjanatiha/Distributed-Big-Data-Application-for-Large-Scale-US-Stock-Market-Data-Analysis,CVE-2020-9480
anjanatiha/Distributed-Big-Data-Application-for-Large-Scale-US-Stock-Market-Data-Analysis,CVE-2021-38296
anjanatiha/Distributed-Big-Data-Application-for-Large-Scale-US-Stock-Market-Data-Analysis,CVE-2022-33891
anjanatiha/Distributed-Big-Data-Application-for-Large-Scale-US-Stock-Market-Data-Analysis,CVE-2022-31777
AndrewKuzmin/apache-spark-for-java-developers-examples,CVE-2018-11770
AndrewKuzmin/apache-spark-for-java-developers-examples,CVE-2018-11804
AndrewKuzmin/apache-spark-for-java-developers-examples,CVE-2018-17190
AndrewKuzmin/apache-spark-for-java-developers-examples,CVE-2020-9480
AndrewKuzmin/apache-spark-for-java-developers-examples,CVE-2021-38296
AndrewKuzmin/apache-spark-for-java-developers-examples,CVE-2022-33891
AndrewKuzmin/apache-spark-for-java-developers-examples,CVE-2022-31777
tomwhite/disq-original,CVE-2017-7678
tomwhite/disq-original,CVE-2017-12612
tomwhite/disq-original,CVE-2018-1334
tomwhite/disq-original,CVE-2018-11770
tomwhite/disq-original,CVE-2018-11804
tomwhite/disq-original,CVE-2018-17190
tomwhite/disq-original,CVE-2018-11760
tomwhite/disq-original,CVE-2019-10099
tomwhite/disq-original,CVE-2020-9480
tomwhite/disq-original,CVE-2021-38296
tomwhite/disq-original,CVE-2022-33891
tomwhite/disq-original,CVE-2022-31777
gaetanofabiano/java-spark-streming,CVE-2018-11770
gaetanofabiano/java-spark-streming,CVE-2018-11804
gaetanofabiano/java-spark-streming,CVE-2018-17190
gaetanofabiano/java-spark-streming,CVE-2021-38296
gaetanofabiano/java-spark-streming,CVE-2022-33891
gaetanofabiano/java-spark-streming,CVE-2022-31777
chen0040/spark-ml-genetic-programming,CVE-2017-7678
chen0040/spark-ml-genetic-programming,CVE-2017-12612
chen0040/spark-ml-genetic-programming,CVE-2018-1334
chen0040/spark-ml-genetic-programming,CVE-2018-11770
chen0040/spark-ml-genetic-programming,CVE-2018-11804
chen0040/spark-ml-genetic-programming,CVE-2018-17190
chen0040/spark-ml-genetic-programming,CVE-2018-11760
chen0040/spark-ml-genetic-programming,CVE-2019-10099
chen0040/spark-ml-genetic-programming,CVE-2020-9480
chen0040/spark-ml-genetic-programming,CVE-2021-38296
chen0040/spark-ml-genetic-programming,CVE-2022-33891
chen0040/spark-ml-genetic-programming,CVE-2022-31777
AdvanceAutoParts/datafastlane,CVE-2018-11770
AdvanceAutoParts/datafastlane,CVE-2018-11804
AdvanceAutoParts/datafastlane,CVE-2018-17190
AdvanceAutoParts/datafastlane,CVE-2019-10172
AdvanceAutoParts/datafastlane,CVE-2021-38296
AdvanceAutoParts/datafastlane,CVE-2022-33891
AdvanceAutoParts/datafastlane,CVE-2022-31777
watsh-rajneesh/movie-recommendation-system,CVE-2017-7678
watsh-rajneesh/movie-recommendation-system,CVE-2017-12612
watsh-rajneesh/movie-recommendation-system,CVE-2018-1334
watsh-rajneesh/movie-recommendation-system,CVE-2018-11770
watsh-rajneesh/movie-recommendation-system,CVE-2018-11804
watsh-rajneesh/movie-recommendation-system,CVE-2018-17190
watsh-rajneesh/movie-recommendation-system,CVE-2018-11760
watsh-rajneesh/movie-recommendation-system,CVE-2019-10099
watsh-rajneesh/movie-recommendation-system,CVE-2020-9480
watsh-rajneesh/movie-recommendation-system,CVE-2021-38296
watsh-rajneesh/movie-recommendation-system,CVE-2022-33891
watsh-rajneesh/movie-recommendation-system,CVE-2022-31777
GopinathYadavAR/Java-Spark,CVE-2018-11770
GopinathYadavAR/Java-Spark,CVE-2018-11804
GopinathYadavAR/Java-Spark,CVE-2018-17190
GopinathYadavAR/Java-Spark,CVE-2020-27223
GopinathYadavAR/Java-Spark,CVE-2021-38296
GopinathYadavAR/Java-Spark,CVE-2022-33891
GopinathYadavAR/Java-Spark,CVE-2022-31777
border-aloha/SparkSample,CVE-2017-7678
border-aloha/SparkSample,CVE-2018-1334
border-aloha/SparkSample,CVE-2018-17190
border-aloha/SparkSample,CVE-2018-11760
border-aloha/SparkSample,CVE-2019-10099
border-aloha/SparkSample,CVE-2020-9480
border-aloha/SparkSample,CVE-2021-38296
border-aloha/SparkSample,CVE-2022-33891
border-aloha/SparkSample,CVE-2022-31777
lcappuccio/spark-tutorial,CVE-2017-7678
lcappuccio/spark-tutorial,CVE-2017-12612
lcappuccio/spark-tutorial,CVE-2018-1334
lcappuccio/spark-tutorial,CVE-2018-11770
lcappuccio/spark-tutorial,CVE-2018-11804
lcappuccio/spark-tutorial,CVE-2018-17190
lcappuccio/spark-tutorial,CVE-2018-11760
lcappuccio/spark-tutorial,CVE-2019-10099
lcappuccio/spark-tutorial,CVE-2020-9480
lcappuccio/spark-tutorial,CVE-2021-38296
lcappuccio/spark-tutorial,CVE-2022-33891
lcappuccio/spark-tutorial,CVE-2022-31777
yardstick-benchmarks/yardstick-spark,CVE-2017-7678
yardstick-benchmarks/yardstick-spark,CVE-2018-1334
yardstick-benchmarks/yardstick-spark,CVE-2018-11770
yardstick-benchmarks/yardstick-spark,CVE-2018-11804
yardstick-benchmarks/yardstick-spark,CVE-2018-17190
yardstick-benchmarks/yardstick-spark,CVE-2018-11760
yardstick-benchmarks/yardstick-spark,CVE-2019-10099
yardstick-benchmarks/yardstick-spark,CVE-2020-9480
yardstick-benchmarks/yardstick-spark,CVE-2021-38296
yardstick-benchmarks/yardstick-spark,CVE-2022-33891
yardstick-benchmarks/yardstick-spark,CVE-2022-31777
savvydatainsights/spark,CVE-2018-11770
savvydatainsights/spark,CVE-2018-11804
savvydatainsights/spark,CVE-2018-17190
savvydatainsights/spark,CVE-2020-9480
savvydatainsights/spark,CVE-2021-38296
savvydatainsights/spark,CVE-2022-33891
savvydatainsights/spark,CVE-2022-31777
Nithanaroy/geospatial-apachespark-ClassProject,CVE-2017-7678
Nithanaroy/geospatial-apachespark-ClassProject,CVE-2018-1334
Nithanaroy/geospatial-apachespark-ClassProject,CVE-2018-17190
Nithanaroy/geospatial-apachespark-ClassProject,CVE-2018-11760
Nithanaroy/geospatial-apachespark-ClassProject,CVE-2019-10099
Nithanaroy/geospatial-apachespark-ClassProject,CVE-2020-9480
Nithanaroy/geospatial-apachespark-ClassProject,CVE-2021-38296
Nithanaroy/geospatial-apachespark-ClassProject,CVE-2022-33891
Nithanaroy/geospatial-apachespark-ClassProject,CVE-2022-31777
banksone/spark-dataprocessing,CVE-2018-11770
banksone/spark-dataprocessing,CVE-2018-11804
banksone/spark-dataprocessing,CVE-2018-17190
banksone/spark-dataprocessing,CVE-2021-38296
banksone/spark-dataprocessing,CVE-2022-31777
pranshu28/recommendation_sys,CVE-2018-1334
pranshu28/recommendation_sys,CVE-2018-8024
pranshu28/recommendation_sys,CVE-2018-11770
pranshu28/recommendation_sys,CVE-2018-11804
pranshu28/recommendation_sys,CVE-2018-17190
pranshu28/recommendation_sys,CVE-2018-11760
pranshu28/recommendation_sys,CVE-2019-10099
pranshu28/recommendation_sys,CVE-2020-9480
pranshu28/recommendation_sys,CVE-2021-38296
pranshu28/recommendation_sys,CVE-2022-33891
pranshu28/recommendation_sys,CVE-2022-31777
bmalach/spark-proj-template,CVE-2018-11770
bmalach/spark-proj-template,CVE-2018-11804
bmalach/spark-proj-template,CVE-2018-17190
bmalach/spark-proj-template,CVE-2020-9480
bmalach/spark-proj-template,CVE-2021-38296
bmalach/spark-proj-template,CVE-2022-33891
bmalach/spark-proj-template,CVE-2022-31777
kaolian/sqoop-on-spark,CVE-2017-7678
kaolian/sqoop-on-spark,CVE-2018-1334
kaolian/sqoop-on-spark,CVE-2018-11770
kaolian/sqoop-on-spark,CVE-2018-11804
kaolian/sqoop-on-spark,CVE-2018-17190
kaolian/sqoop-on-spark,CVE-2018-11760
kaolian/sqoop-on-spark,CVE-2019-10099
kaolian/sqoop-on-spark,CVE-2020-9480
kaolian/sqoop-on-spark,CVE-2021-38296
kaolian/sqoop-on-spark,CVE-2022-33891
kaolian/sqoop-on-spark,CVE-2022-31777
jmabuin/MetaCacheSpark,CVE-2018-11770
jmabuin/MetaCacheSpark,CVE-2018-11804
jmabuin/MetaCacheSpark,CVE-2018-17190
jmabuin/MetaCacheSpark,CVE-2018-11760
jmabuin/MetaCacheSpark,CVE-2019-10099
jmabuin/MetaCacheSpark,CVE-2020-9480
jmabuin/MetaCacheSpark,CVE-2021-38296
jmabuin/MetaCacheSpark,CVE-2022-33891
jmabuin/MetaCacheSpark,CVE-2022-31777
jgperrin/net.jgp.commons.spark,CVE-2017-7678
jgperrin/net.jgp.commons.spark,CVE-2017-12612
jgperrin/net.jgp.commons.spark,CVE-2018-1334
jgperrin/net.jgp.commons.spark,CVE-2018-8024
jgperrin/net.jgp.commons.spark,CVE-2018-11770
jgperrin/net.jgp.commons.spark,CVE-2018-11804
jgperrin/net.jgp.commons.spark,CVE-2018-17190
jgperrin/net.jgp.commons.spark,CVE-2018-11760
jgperrin/net.jgp.commons.spark,CVE-2019-10099
jgperrin/net.jgp.commons.spark,CVE-2020-9480
jgperrin/net.jgp.commons.spark,CVE-2021-38296
jgperrin/net.jgp.commons.spark,CVE-2022-33891
jgperrin/net.jgp.commons.spark,CVE-2022-31777
jastisatya/excel2rdd,CVE-2017-7678
jastisatya/excel2rdd,CVE-2017-12612
jastisatya/excel2rdd,CVE-2018-1334
jastisatya/excel2rdd,CVE-2018-8024
jastisatya/excel2rdd,CVE-2018-11770
jastisatya/excel2rdd,CVE-2018-11804
jastisatya/excel2rdd,CVE-2018-17190
jastisatya/excel2rdd,CVE-2018-11760
jastisatya/excel2rdd,CVE-2019-10099
jastisatya/excel2rdd,CVE-2020-9480
jastisatya/excel2rdd,CVE-2021-38296
jastisatya/excel2rdd,CVE-2022-33891
jastisatya/excel2rdd,CVE-2022-31777
streamr-dev/streamr-spark,CVE-2018-11770
streamr-dev/streamr-spark,CVE-2018-11804
streamr-dev/streamr-spark,CVE-2018-17190
streamr-dev/streamr-spark,CVE-2020-9480
streamr-dev/streamr-spark,CVE-2021-38296
streamr-dev/streamr-spark,CVE-2022-33891
streamr-dev/streamr-spark,CVE-2022-31777
datatok/djobi,CVE-2018-11770
datatok/djobi,CVE-2018-11804
datatok/djobi,CVE-2018-17190
datatok/djobi,CVE-2022-31777
ufoscout/ApacheSparck-POC,CVE-2018-1334
ufoscout/ApacheSparck-POC,CVE-2018-8024
ufoscout/ApacheSparck-POC,CVE-2018-11770
ufoscout/ApacheSparck-POC,CVE-2018-11804
ufoscout/ApacheSparck-POC,CVE-2018-17190
ufoscout/ApacheSparck-POC,CVE-2018-11760
ufoscout/ApacheSparck-POC,CVE-2019-10099
ufoscout/ApacheSparck-POC,CVE-2020-9480
ufoscout/ApacheSparck-POC,CVE-2021-38296
ufoscout/ApacheSparck-POC,CVE-2022-33891
ufoscout/ApacheSparck-POC,CVE-2022-31777
christian-ehmke/spring-boot-and-spark,CVE-2018-11770
christian-ehmke/spring-boot-and-spark,CVE-2018-11804
christian-ehmke/spring-boot-and-spark,CVE-2018-17190
christian-ehmke/spring-boot-and-spark,CVE-2019-10172
christian-ehmke/spring-boot-and-spark,CVE-2021-38296
christian-ehmke/spring-boot-and-spark,CVE-2022-33891
christian-ehmke/spring-boot-and-spark,CVE-2022-31777
vriesdemichael/streaming-benchmarks,CVE-2017-7678
vriesdemichael/streaming-benchmarks,CVE-2017-12612
vriesdemichael/streaming-benchmarks,CVE-2018-1334
vriesdemichael/streaming-benchmarks,CVE-2018-8024
vriesdemichael/streaming-benchmarks,CVE-2018-11770
vriesdemichael/streaming-benchmarks,CVE-2018-11804
vriesdemichael/streaming-benchmarks,CVE-2018-17190
vriesdemichael/streaming-benchmarks,CVE-2018-11760
vriesdemichael/streaming-benchmarks,CVE-2019-10099
vriesdemichael/streaming-benchmarks,CVE-2020-9480
vriesdemichael/streaming-benchmarks,CVE-2021-38296
vriesdemichael/streaming-benchmarks,CVE-2022-33891
vriesdemichael/streaming-benchmarks,CVE-2022-31777
dmytro-verner/big-data-lab,CVE-2018-1334
dmytro-verner/big-data-lab,CVE-2018-8024
dmytro-verner/big-data-lab,CVE-2018-11770
dmytro-verner/big-data-lab,CVE-2018-11804
dmytro-verner/big-data-lab,CVE-2018-17190
dmytro-verner/big-data-lab,CVE-2018-11760
dmytro-verner/big-data-lab,CVE-2019-10099
dmytro-verner/big-data-lab,CVE-2020-9480
dmytro-verner/big-data-lab,CVE-2021-38296
dmytro-verner/big-data-lab,CVE-2022-33891
dmytro-verner/big-data-lab,CVE-2022-31777
feld-m/clickstream-datasource,CVE-2018-11770
feld-m/clickstream-datasource,CVE-2018-11804
feld-m/clickstream-datasource,CVE-2018-17190
feld-m/clickstream-datasource,CVE-2021-38296
feld-m/clickstream-datasource,CVE-2022-33891
feld-m/clickstream-datasource,CVE-2022-31777
americanexpress/omnitransform,CVE-2018-11770
americanexpress/omnitransform,CVE-2018-11804
americanexpress/omnitransform,CVE-2018-17190
americanexpress/omnitransform,CVE-2020-9480
americanexpress/omnitransform,CVE-2021-38296
americanexpress/omnitransform,CVE-2022-33891
americanexpress/omnitransform,CVE-2022-31777
gaetanofabiano/java-spark-machine-learning,CVE-2018-11770
gaetanofabiano/java-spark-machine-learning,CVE-2018-11804
gaetanofabiano/java-spark-machine-learning,CVE-2018-17190
gaetanofabiano/java-spark-machine-learning,CVE-2021-38296
gaetanofabiano/java-spark-machine-learning,CVE-2022-33891
gaetanofabiano/java-spark-machine-learning,CVE-2022-31777
Lokesh-K-Haralakatta/Spark-Java-SDK,CVE-2018-11770
Lokesh-K-Haralakatta/Spark-Java-SDK,CVE-2018-11804
Lokesh-K-Haralakatta/Spark-Java-SDK,CVE-2018-17190
Lokesh-K-Haralakatta/Spark-Java-SDK,CVE-2020-27223
Lokesh-K-Haralakatta/Spark-Java-SDK,CVE-2021-38296
Lokesh-K-Haralakatta/Spark-Java-SDK,CVE-2022-33891
Lokesh-K-Haralakatta/Spark-Java-SDK,CVE-2022-31777
mattyb149/spark-pdi,CVE-2017-7678
mattyb149/spark-pdi,CVE-2018-1334
mattyb149/spark-pdi,CVE-2018-17190
mattyb149/spark-pdi,CVE-2018-11760
mattyb149/spark-pdi,CVE-2019-10099
mattyb149/spark-pdi,CVE-2020-9480
mattyb149/spark-pdi,CVE-2021-38296
mattyb149/spark-pdi,CVE-2022-33891
mattyb149/spark-pdi,CVE-2022-31777
kamir/access-spark,CVE-2017-7678
kamir/access-spark,CVE-2017-12612
kamir/access-spark,CVE-2018-1334
kamir/access-spark,CVE-2018-11770
kamir/access-spark,CVE-2018-11804
kamir/access-spark,CVE-2018-17190
kamir/access-spark,CVE-2018-11760
kamir/access-spark,CVE-2019-10099
kamir/access-spark,CVE-2020-9480
kamir/access-spark,CVE-2021-38296
kamir/access-spark,CVE-2022-33891
kamir/access-spark,CVE-2022-31777
troisdiz/sparkunittest,CVE-2017-7678
troisdiz/sparkunittest,CVE-2017-12612
troisdiz/sparkunittest,CVE-2018-1334
troisdiz/sparkunittest,CVE-2018-11770
troisdiz/sparkunittest,CVE-2018-11804
troisdiz/sparkunittest,CVE-2018-17190
troisdiz/sparkunittest,CVE-2018-11760
troisdiz/sparkunittest,CVE-2019-10099
troisdiz/sparkunittest,CVE-2020-9480
troisdiz/sparkunittest,CVE-2021-38296
troisdiz/sparkunittest,CVE-2022-33891
troisdiz/sparkunittest,CVE-2022-31777
pranshu28/instacart,CVE-2018-1334
pranshu28/instacart,CVE-2018-8024
pranshu28/instacart,CVE-2018-11770
pranshu28/instacart,CVE-2018-11804
pranshu28/instacart,CVE-2018-17190
pranshu28/instacart,CVE-2018-11760
pranshu28/instacart,CVE-2019-10099
pranshu28/instacart,CVE-2020-9480
pranshu28/instacart,CVE-2021-38296
pranshu28/instacart,CVE-2022-33891
pranshu28/instacart,CVE-2022-31777
mareksagan/Euromillioner,CVE-2018-11770
mareksagan/Euromillioner,CVE-2018-11804
mareksagan/Euromillioner,CVE-2018-17190
mareksagan/Euromillioner,CVE-2021-38296
mareksagan/Euromillioner,CVE-2022-33891
mareksagan/Euromillioner,CVE-2022-31777
shenghuahe/sparkwithspringprofile,CVE-2017-7678
shenghuahe/sparkwithspringprofile,CVE-2017-12612
shenghuahe/sparkwithspringprofile,CVE-2018-1334
shenghuahe/sparkwithspringprofile,CVE-2018-8024
shenghuahe/sparkwithspringprofile,CVE-2018-11770
shenghuahe/sparkwithspringprofile,CVE-2018-11804
shenghuahe/sparkwithspringprofile,CVE-2018-17190
shenghuahe/sparkwithspringprofile,CVE-2018-11760
shenghuahe/sparkwithspringprofile,CVE-2019-10099
shenghuahe/sparkwithspringprofile,CVE-2020-9480
shenghuahe/sparkwithspringprofile,CVE-2021-38296
shenghuahe/sparkwithspringprofile,CVE-2022-33891
shenghuahe/sparkwithspringprofile,CVE-2022-31777
paulo-neto/sparksql-java,CVE-2018-11770
paulo-neto/sparksql-java,CVE-2018-11804
paulo-neto/sparksql-java,CVE-2018-17190
paulo-neto/sparksql-java,CVE-2020-9480
paulo-neto/sparksql-java,CVE-2021-38296
paulo-neto/sparksql-java,CVE-2022-33891
paulo-neto/sparksql-java,CVE-2022-31777
fuljo/mask-the-week,CVE-2018-11770
fuljo/mask-the-week,CVE-2018-11804
fuljo/mask-the-week,CVE-2018-17190
fuljo/mask-the-week,CVE-2021-38296
fuljo/mask-the-week,CVE-2022-33891
fuljo/mask-the-week,CVE-2022-31777
adriannovegil/apache-spark-benchmark,CVE-2017-7678
adriannovegil/apache-spark-benchmark,CVE-2018-1334
adriannovegil/apache-spark-benchmark,CVE-2018-17190
adriannovegil/apache-spark-benchmark,CVE-2018-11760
adriannovegil/apache-spark-benchmark,CVE-2019-10099
adriannovegil/apache-spark-benchmark,CVE-2020-9480
adriannovegil/apache-spark-benchmark,CVE-2021-38296
adriannovegil/apache-spark-benchmark,CVE-2022-33891
adriannovegil/apache-spark-benchmark,CVE-2022-31777
nikita-tomilov/GradientDescent,CVE-2018-1334
nikita-tomilov/GradientDescent,CVE-2018-8024
nikita-tomilov/GradientDescent,CVE-2018-11770
nikita-tomilov/GradientDescent,CVE-2018-11804
nikita-tomilov/GradientDescent,CVE-2018-17190
nikita-tomilov/GradientDescent,CVE-2018-11760
nikita-tomilov/GradientDescent,CVE-2019-10099
nikita-tomilov/GradientDescent,CVE-2020-9480
nikita-tomilov/GradientDescent,CVE-2021-38296
nikita-tomilov/GradientDescent,CVE-2022-33891
nikita-tomilov/GradientDescent,CVE-2022-31777
beta28/Twitter-Sentiment-Analysis,CVE-2018-1334
beta28/Twitter-Sentiment-Analysis,CVE-2018-8024
beta28/Twitter-Sentiment-Analysis,CVE-2018-11770
beta28/Twitter-Sentiment-Analysis,CVE-2018-11804
beta28/Twitter-Sentiment-Analysis,CVE-2018-17190
beta28/Twitter-Sentiment-Analysis,CVE-2018-11760
beta28/Twitter-Sentiment-Analysis,CVE-2019-10099
beta28/Twitter-Sentiment-Analysis,CVE-2020-9480
beta28/Twitter-Sentiment-Analysis,CVE-2021-38296
beta28/Twitter-Sentiment-Analysis,CVE-2022-33891
beta28/Twitter-Sentiment-Analysis,CVE-2022-31777
laschuet/spark-rest-sample,CVE-2017-7678
laschuet/spark-rest-sample,CVE-2017-12612
laschuet/spark-rest-sample,CVE-2018-1334
laschuet/spark-rest-sample,CVE-2018-11770
laschuet/spark-rest-sample,CVE-2018-11804
laschuet/spark-rest-sample,CVE-2018-17190
laschuet/spark-rest-sample,CVE-2018-11760
laschuet/spark-rest-sample,CVE-2019-10099
laschuet/spark-rest-sample,CVE-2020-9480
laschuet/spark-rest-sample,CVE-2021-38296
laschuet/spark-rest-sample,CVE-2022-33891
laschuet/spark-rest-sample,CVE-2022-31777
staboss/spark-gradient-descent,CVE-2018-11770
staboss/spark-gradient-descent,CVE-2018-11804
staboss/spark-gradient-descent,CVE-2018-17190
staboss/spark-gradient-descent,CVE-2020-9480
staboss/spark-gradient-descent,CVE-2021-38296
staboss/spark-gradient-descent,CVE-2022-33891
staboss/spark-gradient-descent,CVE-2022-31777
SparkGroup101009/spark-QuickStart,CVE-2018-11770
SparkGroup101009/spark-QuickStart,CVE-2018-11804
SparkGroup101009/spark-QuickStart,CVE-2018-17190
SparkGroup101009/spark-QuickStart,CVE-2020-27223
SparkGroup101009/spark-QuickStart,CVE-2021-38296
SparkGroup101009/spark-QuickStart,CVE-2022-33891
SparkGroup101009/spark-QuickStart,CVE-2022-31777
NileshGule/learning-spark,CVE-2018-11770
NileshGule/learning-spark,CVE-2018-11804
NileshGule/learning-spark,CVE-2018-17190
NileshGule/learning-spark,CVE-2020-9480
NileshGule/learning-spark,CVE-2021-38296
NileshGule/learning-spark,CVE-2022-33891
NileshGule/learning-spark,CVE-2022-31777
tonandr/spark_fnn,CVE-2018-11770
tonandr/spark_fnn,CVE-2018-11804
tonandr/spark_fnn,CVE-2018-17190
tonandr/spark_fnn,CVE-2020-9480
tonandr/spark_fnn,CVE-2021-38296
tonandr/spark_fnn,CVE-2022-33891
tonandr/spark_fnn,CVE-2022-31777
BigDataPlayground178/Mjolnir,CVE-2018-1334
BigDataPlayground178/Mjolnir,CVE-2018-8024
BigDataPlayground178/Mjolnir,CVE-2018-11770
BigDataPlayground178/Mjolnir,CVE-2018-11804
BigDataPlayground178/Mjolnir,CVE-2018-17190
BigDataPlayground178/Mjolnir,CVE-2018-11760
BigDataPlayground178/Mjolnir,CVE-2019-10099
BigDataPlayground178/Mjolnir,CVE-2020-9480
BigDataPlayground178/Mjolnir,CVE-2021-38296
BigDataPlayground178/Mjolnir,CVE-2022-33891
BigDataPlayground178/Mjolnir,CVE-2022-31777
MR6996/spark-bwt,CVE-2018-11770
MR6996/spark-bwt,CVE-2018-11804
MR6996/spark-bwt,CVE-2018-17190
MR6996/spark-bwt,CVE-2020-9480
MR6996/spark-bwt,CVE-2021-38296
MR6996/spark-bwt,CVE-2022-33891
MR6996/spark-bwt,CVE-2022-31777
BharathUpasi/SparkJavaStreaming,CVE-2018-1334
BharathUpasi/SparkJavaStreaming,CVE-2018-8024
BharathUpasi/SparkJavaStreaming,CVE-2018-11770
BharathUpasi/SparkJavaStreaming,CVE-2018-11804
BharathUpasi/SparkJavaStreaming,CVE-2018-17190
BharathUpasi/SparkJavaStreaming,CVE-2018-11760
BharathUpasi/SparkJavaStreaming,CVE-2019-10099
BharathUpasi/SparkJavaStreaming,CVE-2020-9480
BharathUpasi/SparkJavaStreaming,CVE-2021-38296
BharathUpasi/SparkJavaStreaming,CVE-2022-33891
BharathUpasi/SparkJavaStreaming,CVE-2022-31777
michaelfecher/story-estimat0r,CVE-2018-1334
michaelfecher/story-estimat0r,CVE-2018-8024
michaelfecher/story-estimat0r,CVE-2018-11770
michaelfecher/story-estimat0r,CVE-2018-11804
michaelfecher/story-estimat0r,CVE-2018-17190
michaelfecher/story-estimat0r,CVE-2018-11760
michaelfecher/story-estimat0r,CVE-2019-10099
michaelfecher/story-estimat0r,CVE-2020-9480
michaelfecher/story-estimat0r,CVE-2021-38296
michaelfecher/story-estimat0r,CVE-2022-33891
michaelfecher/story-estimat0r,CVE-2022-31777
GridGain-Demos/ignite-spark-iot-demo,CVE-2018-1334
GridGain-Demos/ignite-spark-iot-demo,CVE-2018-8024
GridGain-Demos/ignite-spark-iot-demo,CVE-2018-11770
GridGain-Demos/ignite-spark-iot-demo,CVE-2018-11804
GridGain-Demos/ignite-spark-iot-demo,CVE-2018-17190
GridGain-Demos/ignite-spark-iot-demo,CVE-2018-11760
GridGain-Demos/ignite-spark-iot-demo,CVE-2019-10099
GridGain-Demos/ignite-spark-iot-demo,CVE-2020-9480
GridGain-Demos/ignite-spark-iot-demo,CVE-2021-38296
GridGain-Demos/ignite-spark-iot-demo,CVE-2022-33891
GridGain-Demos/ignite-spark-iot-demo,CVE-2022-31777
xuhaowork/starrocks-connector-spark,CVE-2018-11770
xuhaowork/starrocks-connector-spark,CVE-2018-11804
xuhaowork/starrocks-connector-spark,CVE-2018-17190
xuhaowork/starrocks-connector-spark,CVE-2021-38296
xuhaowork/starrocks-connector-spark,CVE-2022-33891
xuhaowork/starrocks-connector-spark,CVE-2022-31777
cjkent/cobalt,CVE-2017-7678
cjkent/cobalt,CVE-2018-1334
cjkent/cobalt,CVE-2018-11770
cjkent/cobalt,CVE-2018-11804
cjkent/cobalt,CVE-2018-17190
cjkent/cobalt,CVE-2018-11760
cjkent/cobalt,CVE-2019-10099
cjkent/cobalt,CVE-2020-9480
cjkent/cobalt,CVE-2021-38296
cjkent/cobalt,CVE-2022-33891
cjkent/cobalt,CVE-2022-31777
sankin/spark-starter,CVE-2017-7678
sankin/spark-starter,CVE-2017-12612
sankin/spark-starter,CVE-2018-1334
sankin/spark-starter,CVE-2018-8024
sankin/spark-starter,CVE-2018-11770
sankin/spark-starter,CVE-2018-11804
sankin/spark-starter,CVE-2018-17190
sankin/spark-starter,CVE-2018-11760
sankin/spark-starter,CVE-2019-10099
sankin/spark-starter,CVE-2020-9480
sankin/spark-starter,CVE-2021-38296
sankin/spark-starter,CVE-2022-33891
sankin/spark-starter,CVE-2022-31777
EzzeddineChakroun/Apache_Spark_with_java,CVE-2018-1334
EzzeddineChakroun/Apache_Spark_with_java,CVE-2018-8024
EzzeddineChakroun/Apache_Spark_with_java,CVE-2018-11770
EzzeddineChakroun/Apache_Spark_with_java,CVE-2018-11804
EzzeddineChakroun/Apache_Spark_with_java,CVE-2018-17190
EzzeddineChakroun/Apache_Spark_with_java,CVE-2018-11760
EzzeddineChakroun/Apache_Spark_with_java,CVE-2019-10099
EzzeddineChakroun/Apache_Spark_with_java,CVE-2020-9480
EzzeddineChakroun/Apache_Spark_with_java,CVE-2021-38296
EzzeddineChakroun/Apache_Spark_with_java,CVE-2022-33891
EzzeddineChakroun/Apache_Spark_with_java,CVE-2022-31777
jibaro/spark-search,CVE-2018-11770
jibaro/spark-search,CVE-2018-11804
jibaro/spark-search,CVE-2018-17190
jibaro/spark-search,CVE-2020-9480
jibaro/spark-search,CVE-2021-38296
jibaro/spark-search,CVE-2022-33891
jibaro/spark-search,CVE-2022-31777
KuveytTurk/ProcessMining,CVE-2018-1334
KuveytTurk/ProcessMining,CVE-2018-8024
KuveytTurk/ProcessMining,CVE-2018-11770
KuveytTurk/ProcessMining,CVE-2018-11804
KuveytTurk/ProcessMining,CVE-2018-17190
KuveytTurk/ProcessMining,CVE-2018-11760
KuveytTurk/ProcessMining,CVE-2019-10099
KuveytTurk/ProcessMining,CVE-2020-9480
KuveytTurk/ProcessMining,CVE-2021-38296
KuveytTurk/ProcessMining,CVE-2022-33891
KuveytTurk/ProcessMining,CVE-2022-31777
hychrisli/Kafka-Spark,CVE-2018-1334
hychrisli/Kafka-Spark,CVE-2018-8024
hychrisli/Kafka-Spark,CVE-2018-11770
hychrisli/Kafka-Spark,CVE-2018-11804
hychrisli/Kafka-Spark,CVE-2018-17190
hychrisli/Kafka-Spark,CVE-2018-11760
hychrisli/Kafka-Spark,CVE-2019-10099
hychrisli/Kafka-Spark,CVE-2020-9480
hychrisli/Kafka-Spark,CVE-2021-38296
hychrisli/Kafka-Spark,CVE-2022-33891
hychrisli/Kafka-Spark,CVE-2022-31777
SharadaSowmya14/spring-spark-k-anonymity,CVE-2018-1334
SharadaSowmya14/spring-spark-k-anonymity,CVE-2018-8024
SharadaSowmya14/spring-spark-k-anonymity,CVE-2018-11770
SharadaSowmya14/spring-spark-k-anonymity,CVE-2018-11804
SharadaSowmya14/spring-spark-k-anonymity,CVE-2018-17190
SharadaSowmya14/spring-spark-k-anonymity,CVE-2018-11760
SharadaSowmya14/spring-spark-k-anonymity,CVE-2019-10099
SharadaSowmya14/spring-spark-k-anonymity,CVE-2020-9480
SharadaSowmya14/spring-spark-k-anonymity,CVE-2021-38296
SharadaSowmya14/spring-spark-k-anonymity,CVE-2022-33891
SharadaSowmya14/spring-spark-k-anonymity,CVE-2022-31777
Stiggy-C/daisy,CVE-2018-11770
Stiggy-C/daisy,CVE-2018-11804
Stiggy-C/daisy,CVE-2018-17190
sudev/sparkMongo,CVE-2017-7678
sudev/sparkMongo,CVE-2018-1334
sudev/sparkMongo,CVE-2018-11770
sudev/sparkMongo,CVE-2018-11804
sudev/sparkMongo,CVE-2018-17190
sudev/sparkMongo,CVE-2018-11760
sudev/sparkMongo,CVE-2019-10099
sudev/sparkMongo,CVE-2020-9480
sudev/sparkMongo,CVE-2021-38296
sudev/sparkMongo,CVE-2022-33891
sudev/sparkMongo,CVE-2022-31777
job-van-schipstal/deeplearningnn,CVE-2017-7678
job-van-schipstal/deeplearningnn,CVE-2018-1334
job-van-schipstal/deeplearningnn,CVE-2018-17190
job-van-schipstal/deeplearningnn,CVE-2020-9480
job-van-schipstal/deeplearningnn,CVE-2021-38296
job-van-schipstal/deeplearningnn,CVE-2022-33891
job-van-schipstal/deeplearningnn,CVE-2022-31777
biodataframes/examples-java,CVE-2017-7678
biodataframes/examples-java,CVE-2017-12612
biodataframes/examples-java,CVE-2018-1334
biodataframes/examples-java,CVE-2018-11770
biodataframes/examples-java,CVE-2018-11804
biodataframes/examples-java,CVE-2018-17190
biodataframes/examples-java,CVE-2018-11760
biodataframes/examples-java,CVE-2019-10099
biodataframes/examples-java,CVE-2020-9480
biodataframes/examples-java,CVE-2021-38296
biodataframes/examples-java,CVE-2022-33891
biodataframes/examples-java,CVE-2022-31777
bones-brigade/kafka-spark-openshift-java,CVE-2018-1334
bones-brigade/kafka-spark-openshift-java,CVE-2018-8024
bones-brigade/kafka-spark-openshift-java,CVE-2018-11770
bones-brigade/kafka-spark-openshift-java,CVE-2018-11804
bones-brigade/kafka-spark-openshift-java,CVE-2018-17190
bones-brigade/kafka-spark-openshift-java,CVE-2018-11760
bones-brigade/kafka-spark-openshift-java,CVE-2019-10099
bones-brigade/kafka-spark-openshift-java,CVE-2020-9480
bones-brigade/kafka-spark-openshift-java,CVE-2021-38296
bones-brigade/kafka-spark-openshift-java,CVE-2022-33891
bones-brigade/kafka-spark-openshift-java,CVE-2022-31777
arasumran/sparkTutorials,CVE-2018-1334
arasumran/sparkTutorials,CVE-2018-8024
arasumran/sparkTutorials,CVE-2018-11770
arasumran/sparkTutorials,CVE-2018-11804
arasumran/sparkTutorials,CVE-2018-17190
arasumran/sparkTutorials,CVE-2018-11760
arasumran/sparkTutorials,CVE-2019-10099
arasumran/sparkTutorials,CVE-2020-9480
arasumran/sparkTutorials,CVE-2021-38296
arasumran/sparkTutorials,CVE-2022-33891
arasumran/sparkTutorials,CVE-2022-31777
ADLINK-IST/vortex-spark,CVE-2017-7678
ADLINK-IST/vortex-spark,CVE-2018-1334
ADLINK-IST/vortex-spark,CVE-2018-11770
ADLINK-IST/vortex-spark,CVE-2018-11804
ADLINK-IST/vortex-spark,CVE-2018-17190
ADLINK-IST/vortex-spark,CVE-2018-11760
ADLINK-IST/vortex-spark,CVE-2019-10099
ADLINK-IST/vortex-spark,CVE-2020-9480
ADLINK-IST/vortex-spark,CVE-2021-38296
ADLINK-IST/vortex-spark,CVE-2022-33891
ADLINK-IST/vortex-spark,CVE-2022-31777
top1select/OryxML,CVE-2018-11770
top1select/OryxML,CVE-2018-11804
top1select/OryxML,CVE-2018-17190
top1select/OryxML,CVE-2018-11760
top1select/OryxML,CVE-2019-10099
top1select/OryxML,CVE-2020-9480
top1select/OryxML,CVE-2021-38296
top1select/OryxML,CVE-2022-33891
top1select/OryxML,CVE-2022-31777
RegulusXiang/NYC-CrimeGridAmount,CVE-2017-7678
RegulusXiang/NYC-CrimeGridAmount,CVE-2017-12612
RegulusXiang/NYC-CrimeGridAmount,CVE-2018-1334
RegulusXiang/NYC-CrimeGridAmount,CVE-2018-8024
RegulusXiang/NYC-CrimeGridAmount,CVE-2018-11770
RegulusXiang/NYC-CrimeGridAmount,CVE-2018-11804
RegulusXiang/NYC-CrimeGridAmount,CVE-2018-17190
RegulusXiang/NYC-CrimeGridAmount,CVE-2018-11760
RegulusXiang/NYC-CrimeGridAmount,CVE-2019-10099
RegulusXiang/NYC-CrimeGridAmount,CVE-2020-9480
RegulusXiang/NYC-CrimeGridAmount,CVE-2021-38296
RegulusXiang/NYC-CrimeGridAmount,CVE-2022-33891
RegulusXiang/NYC-CrimeGridAmount,CVE-2022-31777
prakashd1/spark-first-example,CVE-2017-7678
prakashd1/spark-first-example,CVE-2018-1334
prakashd1/spark-first-example,CVE-2018-17190
prakashd1/spark-first-example,CVE-2018-11760
prakashd1/spark-first-example,CVE-2019-10099
prakashd1/spark-first-example,CVE-2020-9480
prakashd1/spark-first-example,CVE-2021-38296
prakashd1/spark-first-example,CVE-2022-33891
prakashd1/spark-first-example,CVE-2022-31777
RPG-coder/WineQualityPrediction,CVE-2018-11770
RPG-coder/WineQualityPrediction,CVE-2018-11804
RPG-coder/WineQualityPrediction,CVE-2018-17190
RPG-coder/WineQualityPrediction,CVE-2020-9480
RPG-coder/WineQualityPrediction,CVE-2021-38296
RPG-coder/WineQualityPrediction,CVE-2022-33891
RPG-coder/WineQualityPrediction,CVE-2022-31777
10eMyrT/US_diversity_index,CVE-2018-11770
10eMyrT/US_diversity_index,CVE-2018-11804
10eMyrT/US_diversity_index,CVE-2018-17190
10eMyrT/US_diversity_index,CVE-2021-38296
10eMyrT/US_diversity_index,CVE-2022-33891
10eMyrT/US_diversity_index,CVE-2022-31777
veysiertekin/text-log-parser,CVE-2018-11770
veysiertekin/text-log-parser,CVE-2018-11804
veysiertekin/text-log-parser,CVE-2018-17190
veysiertekin/text-log-parser,CVE-2018-11760
veysiertekin/text-log-parser,CVE-2019-10099
veysiertekin/text-log-parser,CVE-2020-9480
veysiertekin/text-log-parser,CVE-2021-38296
veysiertekin/text-log-parser,CVE-2022-33891
veysiertekin/text-log-parser,CVE-2022-31777
GPalfy/socialnetworkcomments,CVE-2018-1334
GPalfy/socialnetworkcomments,CVE-2018-8024
GPalfy/socialnetworkcomments,CVE-2018-11770
GPalfy/socialnetworkcomments,CVE-2018-11804
GPalfy/socialnetworkcomments,CVE-2018-17190
GPalfy/socialnetworkcomments,CVE-2018-11760
GPalfy/socialnetworkcomments,CVE-2019-10099
GPalfy/socialnetworkcomments,CVE-2020-9480
GPalfy/socialnetworkcomments,CVE-2021-38296
GPalfy/socialnetworkcomments,CVE-2022-33891
GPalfy/socialnetworkcomments,CVE-2022-31777
dimkarag/spark-read-service,CVE-2018-11770
dimkarag/spark-read-service,CVE-2018-11804
dimkarag/spark-read-service,CVE-2018-17190
dimkarag/spark-read-service,CVE-2021-38296
dimkarag/spark-read-service,CVE-2022-33891
dimkarag/spark-read-service,CVE-2022-31777
bayudwiyansatria/library-java-apache-spark,CVE-2018-11770
bayudwiyansatria/library-java-apache-spark,CVE-2018-11804
bayudwiyansatria/library-java-apache-spark,CVE-2018-17190
bayudwiyansatria/library-java-apache-spark,CVE-2020-9480
bayudwiyansatria/library-java-apache-spark,CVE-2021-38296
bayudwiyansatria/library-java-apache-spark,CVE-2022-33891
bayudwiyansatria/library-java-apache-spark,CVE-2022-31777
pgaines937/GeoSparkModified,CVE-2017-7678
pgaines937/GeoSparkModified,CVE-2017-12612
pgaines937/GeoSparkModified,CVE-2018-1334
pgaines937/GeoSparkModified,CVE-2018-11770
pgaines937/GeoSparkModified,CVE-2018-11804
pgaines937/GeoSparkModified,CVE-2018-17190
pgaines937/GeoSparkModified,CVE-2018-11760
pgaines937/GeoSparkModified,CVE-2019-10099
pgaines937/GeoSparkModified,CVE-2020-9480
pgaines937/GeoSparkModified,CVE-2021-38296
pgaines937/GeoSparkModified,CVE-2022-33891
pgaines937/GeoSparkModified,CVE-2022-31777
contactsunny/spring-spark-s3-file-read,CVE-2018-1334
contactsunny/spring-spark-s3-file-read,CVE-2018-8024
contactsunny/spring-spark-s3-file-read,CVE-2018-11770
contactsunny/spring-spark-s3-file-read,CVE-2018-11804
contactsunny/spring-spark-s3-file-read,CVE-2018-17190
contactsunny/spring-spark-s3-file-read,CVE-2018-11760
contactsunny/spring-spark-s3-file-read,CVE-2019-10099
contactsunny/spring-spark-s3-file-read,CVE-2020-9480
contactsunny/spring-spark-s3-file-read,CVE-2021-38296
contactsunny/spring-spark-s3-file-read,CVE-2022-33891
contactsunny/spring-spark-s3-file-read,CVE-2022-31777
syambrij-pro/custom-memory-manager,CVE-2017-7678
syambrij-pro/custom-memory-manager,CVE-2017-12612
syambrij-pro/custom-memory-manager,CVE-2018-1334
syambrij-pro/custom-memory-manager,CVE-2018-11770
syambrij-pro/custom-memory-manager,CVE-2018-11804
syambrij-pro/custom-memory-manager,CVE-2018-17190
syambrij-pro/custom-memory-manager,CVE-2018-11760
syambrij-pro/custom-memory-manager,CVE-2019-10099
syambrij-pro/custom-memory-manager,CVE-2020-9480
syambrij-pro/custom-memory-manager,CVE-2021-38296
syambrij-pro/custom-memory-manager,CVE-2022-33891
syambrij-pro/custom-memory-manager,CVE-2022-31777
