apache/storm,CVE-2018-1332
apache/storm,CVE-2018-8008
apache/storm,CVE-2019-0202
mesos/storm,CVE-2018-1332
mesos/storm,CVE-2018-8008
mesos/storm,CVE-2018-1331
mesos/storm,CVE-2019-0202
mesos/storm,CVE-2021-38294
mesos/storm,CVE-2021-40865
hmsonline/storm-cassandra,CVE-2018-1332
hmsonline/storm-cassandra,CVE-2018-8008
ptgoetz/storm-jms,CVE-2017-9799
ptgoetz/storm-jms,CVE-2018-1332
ptgoetz/storm-jms,CVE-2018-8008
ptgoetz/storm-jms,CVE-2018-1331
ptgoetz/storm-jms,CVE-2019-0202
ptgoetz/storm-jms,CVE-2021-38294
ptgoetz/storm-jms,CVE-2021-40865
wurstmeister/storm-kafka-0.8-plus,CVE-2018-1332
wurstmeister/storm-kafka-0.8-plus,CVE-2018-8008
wurstmeister/storm-kafka-0.8-plus,CVE-2019-0202
ppat/storm-rabbitmq,CVE-2017-9799
ppat/storm-rabbitmq,CVE-2018-1332
ppat/storm-rabbitmq,CVE-2018-8008
ppat/storm-rabbitmq,CVE-2018-1331
ppat/storm-rabbitmq,CVE-2019-0202
ppat/storm-rabbitmq,CVE-2021-38294
ppat/storm-rabbitmq,CVE-2021-40865
eshioji/trident-tutorial,CVE-2018-1332
eshioji/trident-tutorial,CVE-2018-8008
eshioji/trident-tutorial,CVE-2019-0202
jrkinley-zz/storm-hbase,CVE-2018-1332
jrkinley-zz/storm-hbase,CVE-2018-8008
NetherlandsForensicInstitute/kafka-spout,CVE-2018-1332
NetherlandsForensicInstitute/kafka-spout,CVE-2018-8008
NetherlandsForensicInstitute/kafka-spout,CVE-2018-11779
NetherlandsForensicInstitute/kafka-spout,CVE-2019-0202
NetherlandsForensicInstitute/kafka-spout,CVE-2021-38294
NetherlandsForensicInstitute/kafka-spout,CVE-2021-40865
P7h/StormTweetsSentimentAnalysis,CVE-2018-1332
P7h/StormTweetsSentimentAnalysis,CVE-2018-8008
P7h/StormTweetsSentimentAnalysis,CVE-2019-0202
ptgoetz/storm-hdfs,CVE-2018-1332
ptgoetz/storm-hdfs,CVE-2018-8008
ptgoetz/storm-hdfs,CVE-2019-0202
rapportive-oss/storm-amqp-spout,CVE-2018-1332
rapportive-oss/storm-amqp-spout,CVE-2018-8008
rapportive-oss/storm-json,CVE-2018-1332
rapportive-oss/storm-json,CVE-2018-8008
Paleozoic/storm_spring_boot_demo,CVE-2018-1332
Paleozoic/storm_spring_boot_demo,CVE-2018-8008
Paleozoic/storm_spring_boot_demo,CVE-2018-11779
Paleozoic/storm_spring_boot_demo,CVE-2019-0202
Paleozoic/storm_spring_boot_demo,CVE-2021-38294
Paleozoic/storm_spring_boot_demo,CVE-2021-40865
qidasheng/storm-kafka-xlog,CVE-2018-1332
qidasheng/storm-kafka-xlog,CVE-2018-8008
qidasheng/storm-kafka-xlog,CVE-2019-0202
manuzhang/storm-benchmark,CVE-2018-1332
manuzhang/storm-benchmark,CVE-2018-8008
manuzhang/storm-benchmark,CVE-2019-0202
hmsonline/storm-cassandra-cql,CVE-2018-1332
hmsonline/storm-cassandra-cql,CVE-2018-8008
hmsonline/storm-cassandra-cql,CVE-2019-0202
P7h/StormTweetsSentimentD3Viz,CVE-2018-1332
P7h/StormTweetsSentimentD3Viz,CVE-2018-8008
P7h/StormTweetsSentimentD3Viz,CVE-2019-0202
granthenke/storm-spring,CVE-2018-1332
granthenke/storm-spring,CVE-2018-8008
wurstmeister/storm-kafka-0.8-plus-test,CVE-2018-1332
wurstmeister/storm-kafka-0.8-plus-test,CVE-2018-8008
wurstmeister/storm-kafka-0.8-plus-test,CVE-2019-0202
endgameinc/storm-metrics-statsd,CVE-2018-1332
endgameinc/storm-metrics-statsd,CVE-2018-8008
lucidworks/storm-solr,CVE-2018-1332
lucidworks/storm-solr,CVE-2018-8008
lucidworks/storm-solr,CVE-2019-0202
mvogiatzis/first-stories-twitter,CVE-2018-1332
mvogiatzis/first-stories-twitter,CVE-2018-8008
xpleaf/storm-statistic,CVE-2017-9799
xpleaf/storm-statistic,CVE-2018-1332
xpleaf/storm-statistic,CVE-2018-8008
xpleaf/storm-statistic,CVE-2018-1331
xpleaf/storm-statistic,CVE-2019-0202
xpleaf/storm-statistic,CVE-2021-38294
xpleaf/storm-statistic,CVE-2021-40865
ptgoetz/storm-hbase,CVE-2018-1332
ptgoetz/storm-hbase,CVE-2018-8008
ptgoetz/storm-hbase,CVE-2019-0202
P7h/storm-camel-example,CVE-2018-1332
P7h/storm-camel-example,CVE-2018-8008
P7h/storm-camel-example,CVE-2019-0202
bullet-db/bullet-storm,CVE-2021-38294
bullet-db/bullet-storm,CVE-2021-40865
flipkart-incubator/storm-mysql,CVE-2017-9799
flipkart-incubator/storm-mysql,CVE-2018-1332
flipkart-incubator/storm-mysql,CVE-2018-8008
flipkart-incubator/storm-mysql,CVE-2018-1331
flipkart-incubator/storm-mysql,CVE-2019-0202
flipkart-incubator/storm-mysql,CVE-2021-38294
flipkart-incubator/storm-mysql,CVE-2021-40865
hortonworks/streamline,CVE-2018-11779
hortonworks/streamline,CVE-2019-0202
hortonworks/streamline,CVE-2021-38294
hortonworks/streamline,CVE-2021-40865
wurstmeister/storm-s3,CVE-2018-1332
wurstmeister/storm-s3,CVE-2018-8008
wurstmeister/storm-s3,CVE-2019-0202
mvalleavila/Kafka-Storm-ElasticSearch,CVE-2018-1332
mvalleavila/Kafka-Storm-ElasticSearch,CVE-2018-8008
hmsonline/trident-elasticsearch,CVE-2018-1332
hmsonline/trident-elasticsearch,CVE-2018-8008
realxujiang/storm-kafka-examples,CVE-2018-1332
realxujiang/storm-kafka-examples,CVE-2018-8008
realxujiang/storm-kafka-examples,CVE-2018-1331
realxujiang/storm-kafka-examples,CVE-2019-0202
staslev/storm-metrics-reporter,CVE-2017-9799
staslev/storm-metrics-reporter,CVE-2018-1332
staslev/storm-metrics-reporter,CVE-2018-8008
staslev/storm-metrics-reporter,CVE-2018-1331
staslev/storm-metrics-reporter,CVE-2019-0202
staslev/storm-metrics-reporter,CVE-2021-38294
staslev/storm-metrics-reporter,CVE-2021-40865
fenlan/storm-nginx-log,CVE-2018-1332
fenlan/storm-nginx-log,CVE-2018-8008
fenlan/storm-nginx-log,CVE-2018-1331
fenlan/storm-nginx-log,CVE-2018-11779
fenlan/storm-nginx-log,CVE-2019-0202
fenlan/storm-nginx-log,CVE-2021-38294
fenlan/storm-nginx-log,CVE-2021-40865
OpenSOC/opensoc-streaming,CVE-2018-1332
OpenSOC/opensoc-streaming,CVE-2018-8008
OpenSOC/opensoc-streaming,CVE-2019-0202
fhussonnois/storm-trident-elasticsearch,CVE-2018-1332
fhussonnois/storm-trident-elasticsearch,CVE-2018-8008
fhussonnois/storm-trident-elasticsearch,CVE-2019-0202
politie/breeze,CVE-2018-1332
politie/breeze,CVE-2018-8008
politie/breeze,CVE-2018-11779
politie/breeze,CVE-2019-0202
politie/breeze,CVE-2021-38294
politie/breeze,CVE-2021-40865
ptgoetz/flux,CVE-2018-1332
ptgoetz/flux,CVE-2018-8008
ptgoetz/flux,CVE-2019-0202
P7h/StormTweetsWordCount,CVE-2018-1332
P7h/StormTweetsWordCount,CVE-2018-8008
P7h/StormTweetsWordCount,CVE-2019-0202
pandening/storm-ml,CVE-2018-1332
pandening/storm-ml,CVE-2018-8008
pandening/storm-ml,CVE-2019-0202
socialsensor/storm-focused-crawler,CVE-2018-1332
socialsensor/storm-focused-crawler,CVE-2018-8008
hkropp/storm-hive-streaming-example,CVE-2015-3188
hkropp/storm-hive-streaming-example,CVE-2018-1332
hkropp/storm-hive-streaming-example,CVE-2018-8008
hkropp/storm-hive-streaming-example,CVE-2019-0202
Azure-Samples/hdinsight-java-storm-eventhub,CVE-2018-1332
Azure-Samples/hdinsight-java-storm-eventhub,CVE-2018-8008
Azure-Samples/hdinsight-java-storm-eventhub,CVE-2018-11779
Azure-Samples/hdinsight-java-storm-eventhub,CVE-2019-0202
Azure-Samples/hdinsight-java-storm-eventhub,CVE-2021-38294
Azure-Samples/hdinsight-java-storm-eventhub,CVE-2021-40865
miguelantonio/storm-esper-bolt,CVE-2017-9799
miguelantonio/storm-esper-bolt,CVE-2018-1332
miguelantonio/storm-esper-bolt,CVE-2018-8008
miguelantonio/storm-esper-bolt,CVE-2018-1331
miguelantonio/storm-esper-bolt,CVE-2019-0202
miguelantonio/storm-esper-bolt,CVE-2021-38294
miguelantonio/storm-esper-bolt,CVE-2021-40865
wuzhongdehua/fksm,CVE-2018-1332
wuzhongdehua/fksm,CVE-2018-8008
wuzhongdehua/fksm,CVE-2018-1331
wuzhongdehua/fksm,CVE-2019-0202
wuzhongdehua/fksm,CVE-2021-38294
wuzhongdehua/fksm,CVE-2021-40865
hdinsight/storm-eventhubs,CVE-2015-3188
hdinsight/storm-eventhubs,CVE-2018-1332
hdinsight/storm-eventhubs,CVE-2018-8008
hdinsight/storm-eventhubs,CVE-2019-0202
christiangda/storm-metrics-influxdb,CVE-2017-9799
christiangda/storm-metrics-influxdb,CVE-2018-1332
christiangda/storm-metrics-influxdb,CVE-2018-8008
christiangda/storm-metrics-influxdb,CVE-2018-1331
christiangda/storm-metrics-influxdb,CVE-2019-0202
christiangda/storm-metrics-influxdb,CVE-2021-38294
christiangda/storm-metrics-influxdb,CVE-2021-40865
sakserv/storm-topology-examples,CVE-2018-1332
sakserv/storm-topology-examples,CVE-2018-8008
sakserv/storm-topology-examples,CVE-2019-0202
dfilimon/streaming-storm,CVE-2018-1332
dfilimon/streaming-storm,CVE-2018-8008
hivemq/hivemq-stormpath-plugin,CVE-2018-1332
hivemq/hivemq-stormpath-plugin,CVE-2018-8008
hivemq/hivemq-stormpath-plugin,CVE-2019-0202
mjsax/aeolus,CVE-2018-1332
mjsax/aeolus,CVE-2018-8008
mjsax/aeolus,CVE-2019-0202
wizenoze/storm-metrics-reporter-prometheus,CVE-2018-11779
wizenoze/storm-metrics-reporter-prometheus,CVE-2019-0202
wizenoze/storm-metrics-reporter-prometheus,CVE-2021-38294
wizenoze/storm-metrics-reporter-prometheus,CVE-2021-40865
fhussonnois/storm-hazelcast,CVE-2018-1332
fhussonnois/storm-hazelcast,CVE-2018-8008
fhussonnois/storm-hazelcast,CVE-2019-0202
P7h/StormWordCount,CVE-2018-1332
P7h/StormWordCount,CVE-2018-8008
P7h/StormWordCount,CVE-2019-0202
vincenzo-gulisano/Bes,CVE-2018-1332
vincenzo-gulisano/Bes,CVE-2018-8008
vincenzo-gulisano/Bes,CVE-2019-0202
P7h/StormTweetsSentimentD3UKViz,CVE-2018-1332
P7h/StormTweetsSentimentD3UKViz,CVE-2018-8008
P7h/StormTweetsSentimentD3UKViz,CVE-2019-0202
lorenzfischer/storm-scheduler,CVE-2018-1332
lorenzfischer/storm-scheduler,CVE-2018-8008
lorenzfischer/storm-scheduler,CVE-2019-0202
MBtech/stormbenchmark,CVE-2017-9799
MBtech/stormbenchmark,CVE-2018-1332
MBtech/stormbenchmark,CVE-2018-8008
MBtech/stormbenchmark,CVE-2018-1331
MBtech/stormbenchmark,CVE-2019-0202
MBtech/stormbenchmark,CVE-2021-38294
MBtech/stormbenchmark,CVE-2021-40865
bigdataFlySQL/SQLonStorm,CVE-2017-9799
bigdataFlySQL/SQLonStorm,CVE-2018-1332
bigdataFlySQL/SQLonStorm,CVE-2018-8008
bigdataFlySQL/SQLonStorm,CVE-2018-1331
bigdataFlySQL/SQLonStorm,CVE-2019-0202
bigdataFlySQL/SQLonStorm,CVE-2021-38294
bigdataFlySQL/SQLonStorm,CVE-2021-40865
huangyueranbbc/StormDemo,CVE-2018-1332
huangyueranbbc/StormDemo,CVE-2018-8008
huangyueranbbc/StormDemo,CVE-2018-1331
huangyueranbbc/StormDemo,CVE-2019-0202
huangyueranbbc/StormDemo,CVE-2021-38294
huangyueranbbc/StormDemo,CVE-2021-40865
danigiri/storm-sockets,CVE-2018-1332
danigiri/storm-sockets,CVE-2018-8008
danigiri/storm-sockets,CVE-2019-0202
yifzhang/storm-miclog,CVE-2018-1332
yifzhang/storm-miclog,CVE-2018-8008
mraible/jhipster-stormpath-example,CVE-2018-1332
mraible/jhipster-stormpath-example,CVE-2018-8008
mraible/jhipster-stormpath-example,CVE-2018-1331
mraible/jhipster-stormpath-example,CVE-2018-11779
mraible/jhipster-stormpath-example,CVE-2019-0202
mraible/jhipster-stormpath-example,CVE-2021-38294
mraible/jhipster-stormpath-example,CVE-2021-40865
dzikowski/simple-kafka-storm-java,CVE-2015-3188
dzikowski/simple-kafka-storm-java,CVE-2018-1332
dzikowski/simple-kafka-storm-java,CVE-2018-8008
dzikowski/simple-kafka-storm-java,CVE-2019-0202
mvalleavila/AuditTopology-ES,CVE-2018-1332
mvalleavila/AuditTopology-ES,CVE-2018-8008
NDPMediaCorp/RocketMQ-Storm,CVE-2018-1332
NDPMediaCorp/RocketMQ-Storm,CVE-2018-8008
NDPMediaCorp/RocketMQ-Storm,CVE-2019-0202
kitmenke/storm-stlhug-demo,CVE-2018-1332
kitmenke/storm-stlhug-demo,CVE-2018-8008
kitmenke/storm-stlhug-demo,CVE-2018-11779
kitmenke/storm-stlhug-demo,CVE-2019-0202
kitmenke/storm-stlhug-demo,CVE-2021-38294
kitmenke/storm-stlhug-demo,CVE-2021-40865
P7h/StormTopHashtags,CVE-2018-1332
P7h/StormTopHashtags,CVE-2018-8008
P7h/StormTopHashtags,CVE-2019-0202
LianjiaTech/Storm-Counter,CVE-2018-1332
LianjiaTech/Storm-Counter,CVE-2018-8008
LianjiaTech/Storm-Counter,CVE-2019-0202
revans2/storm-tutorial,CVE-2018-1332
revans2/storm-tutorial,CVE-2018-8008
revans2/storm-tutorial,CVE-2019-0202
DhruvKumar/iot-lab,CVE-2015-3188
DhruvKumar/iot-lab,CVE-2018-1332
DhruvKumar/iot-lab,CVE-2018-8008
DhruvKumar/iot-lab,CVE-2019-0202
desp0916/LearnStorm,CVE-2015-3188
desp0916/LearnStorm,CVE-2018-1332
desp0916/LearnStorm,CVE-2018-8008
desp0916/LearnStorm,CVE-2019-0202
domenicosolazzo/Log-Processer,CVE-2018-1332
domenicosolazzo/Log-Processer,CVE-2018-8008
xfoursea/kafka-storm-hbase,CVE-2018-1332
xfoursea/kafka-storm-hbase,CVE-2018-8008
xfoursea/kafka-storm-hbase,CVE-2019-0202
forter/storm-data-contracts,CVE-2018-11779
forter/storm-data-contracts,CVE-2019-0202
forter/storm-data-contracts,CVE-2021-38294
forter/storm-data-contracts,CVE-2021-40865
Azure-Samples/hdinsight-storm-azure-data-lake-store,CVE-2018-1332
Azure-Samples/hdinsight-storm-azure-data-lake-store,CVE-2018-8008
Azure-Samples/hdinsight-storm-azure-data-lake-store,CVE-2018-11779
Azure-Samples/hdinsight-storm-azure-data-lake-store,CVE-2019-0202
Azure-Samples/hdinsight-storm-azure-data-lake-store,CVE-2021-38294
Azure-Samples/hdinsight-storm-azure-data-lake-store,CVE-2021-40865
epokmedia/storm-local-multilang,CVE-2018-1332
epokmedia/storm-local-multilang,CVE-2018-8008
mvalleavila/StormTopology-AuditActiveLogins,CVE-2018-1332
mvalleavila/StormTopology-AuditActiveLogins,CVE-2018-8008
calrissian/flowmix,CVE-2018-1332
calrissian/flowmix,CVE-2018-8008
calrissian/flowmix,CVE-2019-0202
mbalassi/iterative-storm-examples,CVE-2018-1332
mbalassi/iterative-storm-examples,CVE-2018-8008
mbalassi/iterative-storm-examples,CVE-2019-0202
ffr4nz/kafkaStorm,CVE-2018-11779
ffr4nz/kafkaStorm,CVE-2019-0202
ffr4nz/kafkaStorm,CVE-2021-38294
ffr4nz/kafkaStorm,CVE-2021-40865
gdfm/partial-key-grouping,CVE-2018-1332
gdfm/partial-key-grouping,CVE-2018-8008
gdfm/partial-key-grouping,CVE-2019-0202
xuchanggen/SyncSpout,CVE-2017-9799
xuchanggen/SyncSpout,CVE-2018-1332
xuchanggen/SyncSpout,CVE-2018-8008
xuchanggen/SyncSpout,CVE-2018-1331
xuchanggen/SyncSpout,CVE-2019-0202
xuchanggen/SyncSpout,CVE-2021-38294
xuchanggen/SyncSpout,CVE-2021-40865
stumpyfr/storm-config,CVE-2018-1332
stumpyfr/storm-config,CVE-2018-8008
ilganeli/storm-fs-reader,CVE-2018-1332
ilganeli/storm-fs-reader,CVE-2018-8008
ilganeli/storm-fs-reader,CVE-2019-0202
bbende/nifi-storm-topology,CVE-2018-1332
bbende/nifi-storm-topology,CVE-2018-8008
bbende/nifi-storm-topology,CVE-2018-1331
bbende/nifi-storm-topology,CVE-2018-11779
bbende/nifi-storm-topology,CVE-2019-0202
bbende/nifi-storm-topology,CVE-2021-38294
bbende/nifi-storm-topology,CVE-2021-40865
ogidogi/kafka-storm-hive,CVE-2018-1332
ogidogi/kafka-storm-hive,CVE-2018-8008
ogidogi/kafka-storm-hive,CVE-2019-0202
lasanthafdo/siddhi-storm,CVE-2018-1332
lasanthafdo/siddhi-storm,CVE-2018-8008
lasanthafdo/siddhi-storm,CVE-2019-0202
Symantec/data-pipe-storm,CVE-2015-3188
Symantec/data-pipe-storm,CVE-2018-1332
Symantec/data-pipe-storm,CVE-2018-8008
Symantec/data-pipe-storm,CVE-2019-0202
hpcc-systems/storm-cassandra-cql,CVE-2018-1332
hpcc-systems/storm-cassandra-cql,CVE-2018-8008
hpcc-systems/storm-cassandra-cql,CVE-2019-0202
P7h/StormTopRetweets,CVE-2018-1332
P7h/StormTopRetweets,CVE-2018-8008
P7h/StormTopRetweets,CVE-2019-0202
P7h/StormTweetsURLUnShortening,CVE-2018-1332
P7h/StormTweetsURLUnShortening,CVE-2018-8008
P7h/StormTweetsURLUnShortening,CVE-2019-0202
domenicosolazzo/click-topology,CVE-2018-1332
domenicosolazzo/click-topology,CVE-2018-8008
deric/storm-mesos,CVE-2018-1332
deric/storm-mesos,CVE-2018-8008
deric/storm-mesos,CVE-2019-0202
domenicosolazzo/storm-ecommerce,CVE-2018-1332
domenicosolazzo/storm-ecommerce,CVE-2018-8008
burov4j/storm-rabbitmq,CVE-2018-11779
burov4j/storm-rabbitmq,CVE-2019-0202
burov4j/storm-rabbitmq,CVE-2021-38294
burov4j/storm-rabbitmq,CVE-2021-40865
mumuhadoop/mumu-storm,CVE-2018-1332
mumuhadoop/mumu-storm,CVE-2018-8008
mumuhadoop/mumu-storm,CVE-2018-1331
mumuhadoop/mumu-storm,CVE-2018-11779
mumuhadoop/mumu-storm,CVE-2019-0202
mumuhadoop/mumu-storm,CVE-2021-38294
mumuhadoop/mumu-storm,CVE-2021-40865
sunil3590/spiderz,CVE-2018-1332
sunil3590/spiderz,CVE-2018-8008
sunil3590/spiderz,CVE-2019-0202
xuwujing/java-study,CVE-2018-11779
xuwujing/java-study,CVE-2019-0202
xuwujing/java-study,CVE-2021-38294
xuwujing/java-study,CVE-2021-40865
neur0nus/storm-clickhouse,CVE-2018-1332
neur0nus/storm-clickhouse,CVE-2018-8008
neur0nus/storm-clickhouse,CVE-2018-11779
neur0nus/storm-clickhouse,CVE-2019-0202
neur0nus/storm-clickhouse,CVE-2021-38294
neur0nus/storm-clickhouse,CVE-2021-40865
wangli1426/gpu-aware-storm,CVE-2018-1332
wangli1426/gpu-aware-storm,CVE-2018-8008
mathieuboniface/storm-metrics-influxdb,CVE-2018-1332
mathieuboniface/storm-metrics-influxdb,CVE-2018-8008
mathieuboniface/storm-metrics-influxdb,CVE-2018-1331
mathieuboniface/storm-metrics-influxdb,CVE-2019-0202
mathieuboniface/storm-metrics-influxdb,CVE-2021-38294
mathieuboniface/storm-metrics-influxdb,CVE-2021-40865
roshannaik/storm-benchmark-sol,CVE-2018-1332
roshannaik/storm-benchmark-sol,CVE-2018-8008
roshannaik/storm-benchmark-sol,CVE-2018-1331
roshannaik/storm-benchmark-sol,CVE-2019-0202
roshannaik/storm-benchmark-sol,CVE-2021-38294
roshannaik/storm-benchmark-sol,CVE-2021-40865
yangboz/SpringBootKafkaStorm,CVE-2017-9799
yangboz/SpringBootKafkaStorm,CVE-2018-1332
yangboz/SpringBootKafkaStorm,CVE-2018-8008
yangboz/SpringBootKafkaStorm,CVE-2018-1331
yangboz/SpringBootKafkaStorm,CVE-2019-0202
yangboz/SpringBootKafkaStorm,CVE-2021-38294
yangboz/SpringBootKafkaStorm,CVE-2021-40865
sumanthn/SketchOnStorm,CVE-2018-1332
sumanthn/SketchOnStorm,CVE-2018-8008
sumanthn/SketchOnStorm,CVE-2019-0202
mengzhiyi/storm-hbase-1.0.x,CVE-2018-1332
mengzhiyi/storm-hbase-1.0.x,CVE-2018-8008
mengzhiyi/storm-hbase-1.0.x,CVE-2019-0202
mvalleavila/storm-kafka-0.8-example,CVE-2018-1332
mvalleavila/storm-kafka-0.8-example,CVE-2018-8008
hemadabing/storm-elasticsearch,CVE-2018-1332
hemadabing/storm-elasticsearch,CVE-2018-8008
hemadabing/storm-elasticsearch,CVE-2018-1331
hemadabing/storm-elasticsearch,CVE-2019-0202
hemadabing/storm-elasticsearch,CVE-2021-38294
hemadabing/storm-elasticsearch,CVE-2021-40865
uzh/storm-scheduler,CVE-2018-1332
uzh/storm-scheduler,CVE-2018-8008
uzh/storm-scheduler,CVE-2019-0202
danigiri/storm-freeling,CVE-2018-1332
danigiri/storm-freeling,CVE-2018-8008
danigiri/storm-freeling,CVE-2019-0202
zergeborg/fogetti-phish-storm,CVE-2017-9799
zergeborg/fogetti-phish-storm,CVE-2018-1332
zergeborg/fogetti-phish-storm,CVE-2018-8008
zergeborg/fogetti-phish-storm,CVE-2018-1331
zergeborg/fogetti-phish-storm,CVE-2019-0202
zergeborg/fogetti-phish-storm,CVE-2021-38294
zergeborg/fogetti-phish-storm,CVE-2021-40865
sakserv/storm-kafka-hdfs-example,CVE-2015-3188
sakserv/storm-kafka-hdfs-example,CVE-2018-1332
sakserv/storm-kafka-hdfs-example,CVE-2018-8008
sakserv/storm-kafka-hdfs-example,CVE-2019-0202
zaizi/alfresco-apache-storm-demo,CVE-2018-1332
zaizi/alfresco-apache-storm-demo,CVE-2018-8008
zaizi/alfresco-apache-storm-demo,CVE-2019-0202
lovelock/storm-demo,CVE-2015-3188
lovelock/storm-demo,CVE-2018-1332
lovelock/storm-demo,CVE-2018-8008
lovelock/storm-demo,CVE-2019-0202
iaintshine/cdc,CVE-2018-1332
iaintshine/cdc,CVE-2018-8008
iaintshine/cdc,CVE-2019-0202
wang-xue-qiang/storm-area,CVE-2018-1332
wang-xue-qiang/storm-area,CVE-2018-8008
wang-xue-qiang/storm-area,CVE-2018-11779
wang-xue-qiang/storm-area,CVE-2019-0202
wang-xue-qiang/storm-area,CVE-2021-38294
wang-xue-qiang/storm-area,CVE-2021-40865
CGCL-codes/PStream,CVE-2017-9799
CGCL-codes/PStream,CVE-2018-1332
CGCL-codes/PStream,CVE-2018-8008
CGCL-codes/PStream,CVE-2018-1331
CGCL-codes/PStream,CVE-2019-0202
CGCL-codes/PStream,CVE-2021-38294
CGCL-codes/PStream,CVE-2021-40865
JayGo/stormcv-core,CVE-2017-9799
JayGo/stormcv-core,CVE-2018-1332
JayGo/stormcv-core,CVE-2018-8008
JayGo/stormcv-core,CVE-2018-1331
JayGo/stormcv-core,CVE-2019-0202
JayGo/stormcv-core,CVE-2021-38294
JayGo/stormcv-core,CVE-2021-40865
wang-xue-qiang/storm-uv,CVE-2018-1332
wang-xue-qiang/storm-uv,CVE-2018-8008
wang-xue-qiang/storm-uv,CVE-2018-11779
wang-xue-qiang/storm-uv,CVE-2019-0202
wang-xue-qiang/storm-uv,CVE-2021-38294
wang-xue-qiang/storm-uv,CVE-2021-40865
matt-smu/storm,CVE-2018-1332
matt-smu/storm,CVE-2018-8008
matt-smu/storm,CVE-2019-0202
politie/breeze-kickstarter,CVE-2018-1332
politie/breeze-kickstarter,CVE-2018-8008
wang-xue-qiang/online_storm_platform_web,CVE-2018-1332
wang-xue-qiang/online_storm_platform_web,CVE-2018-8008
wang-xue-qiang/online_storm_platform_web,CVE-2018-11779
wang-xue-qiang/online_storm_platform_web,CVE-2019-0202
wang-xue-qiang/online_storm_platform_web,CVE-2021-38294
wang-xue-qiang/online_storm_platform_web,CVE-2021-40865
onestepbystep/storm,CVE-2018-1332
onestepbystep/storm,CVE-2018-8008
jianyu-m/storm,CVE-2018-1332
jianyu-m/storm,CVE-2018-8008
jianyu-m/storm,CVE-2019-0202
ghsy158/storm,CVE-2017-9799
ghsy158/storm,CVE-2018-1332
ghsy158/storm,CVE-2018-8008
ghsy158/storm,CVE-2018-1331
ghsy158/storm,CVE-2019-0202
ghsy158/storm,CVE-2021-38294
ghsy158/storm,CVE-2021-40865
trguduru/storm,CVE-2018-1332
trguduru/storm,CVE-2018-8008
EdisonNi-hku/storm,CVE-2018-1332
EdisonNi-hku/storm,CVE-2018-8008
EdisonNi-hku/storm,CVE-2019-0202
JerryYuYG/storm,CVE-2018-1332
JerryYuYG/storm,CVE-2018-8008
tguduru/storm,CVE-2018-1332
tguduru/storm,CVE-2018-8008
jiangjb/storm,CVE-2018-1332
jiangjb/storm,CVE-2018-8008
qinwang/storm,CVE-2018-1332
qinwang/storm,CVE-2018-8008
melih-maxitech/storm,CVE-2018-1332
melih-maxitech/storm,CVE-2018-8008
melih-maxitech/storm,CVE-2019-0202
ctaram/Storm,CVE-2018-1332
ctaram/Storm,CVE-2018-8008
ctaram/Storm,CVE-2019-0202
Tjcug/storm,CVE-2018-1332
Tjcug/storm,CVE-2018-8008
Victorhuo/storm,CVE-2018-1332
Victorhuo/storm,CVE-2018-8008
Victorhuo/storm,CVE-2019-0202
winterme/storm-study,CVE-2021-38294
winterme/storm-study,CVE-2021-40865
alahr/alahr-storm,CVE-2018-1332
alahr/alahr-storm,CVE-2018-8008
alahr/alahr-storm,CVE-2018-11779
alahr/alahr-storm,CVE-2019-0202
alahr/alahr-storm,CVE-2021-38294
alahr/alahr-storm,CVE-2021-40865
jaesonchen/storm-study,CVE-2021-38294
jaesonchen/storm-study,CVE-2021-40865
apivovarov/learn-storm,CVE-2018-1332
apivovarov/learn-storm,CVE-2018-8008
apivovarov/learn-storm,CVE-2019-0202
kanwarkakkar/stormCrawler,CVE-2017-9799
kanwarkakkar/stormCrawler,CVE-2018-1332
kanwarkakkar/stormCrawler,CVE-2018-8008
kanwarkakkar/stormCrawler,CVE-2018-1331
kanwarkakkar/stormCrawler,CVE-2019-0202
kanwarkakkar/stormCrawler,CVE-2021-38294
kanwarkakkar/stormCrawler,CVE-2021-40865
Frank-Wu/StormExamples,CVE-2018-1332
Frank-Wu/StormExamples,CVE-2018-8008
Frank-Wu/StormExamples,CVE-2019-0202
rajat19/StormTrooper,CVE-2018-1332
rajat19/StormTrooper,CVE-2018-8008
rajat19/StormTrooper,CVE-2018-11779
rajat19/StormTrooper,CVE-2019-0202
rajat19/StormTrooper,CVE-2021-38294
rajat19/StormTrooper,CVE-2021-40865
huangxiwei/StormHMS,CVE-2018-1332
huangxiwei/StormHMS,CVE-2018-8008
unilama/StormUnit,CVE-2018-1332
unilama/StormUnit,CVE-2018-8008
henussf/StormKafka,CVE-2018-1332
henussf/StormKafka,CVE-2018-8008
henussf/StormKafka,CVE-2018-1331
henussf/StormKafka,CVE-2018-11779
henussf/StormKafka,CVE-2019-0202
henussf/StormKafka,CVE-2021-38294
henussf/StormKafka,CVE-2021-40865
mvalleavila/StormPDU,CVE-2018-1332
mvalleavila/StormPDU,CVE-2018-8008
pqrsumit/StormExamples,CVE-2021-38294
pqrsumit/StormExamples,CVE-2021-40865
rolmovel/StormPDU,CVE-2018-1332
rolmovel/StormPDU,CVE-2018-8008
Tjcug/stormResearch,CVE-2018-1332
Tjcug/stormResearch,CVE-2018-8008
qinjie2012/StormAndEsperStudy,CVE-2018-1332
qinjie2012/StormAndEsperStudy,CVE-2018-8008
qinjie2012/StormAndEsperStudy,CVE-2019-0202
mvalleavila/StormRetailUseCase,CVE-2018-1332
mvalleavila/StormRetailUseCase,CVE-2018-8008
anroco/StormStreamingTwitter,CVE-2018-1332
anroco/StormStreamingTwitter,CVE-2018-8008
anroco/StormStreamingTwitter,CVE-2019-0202
littleCatBobi/StormEBusAnalyse,CVE-2018-1332
littleCatBobi/StormEBusAnalyse,CVE-2018-8008
littleCatBobi/StormEBusAnalyse,CVE-2018-11779
littleCatBobi/StormEBusAnalyse,CVE-2019-0202
littleCatBobi/StormEBusAnalyse,CVE-2021-38294
littleCatBobi/StormEBusAnalyse,CVE-2021-40865
IMJIU/storm0.9,CVE-2018-1332
IMJIU/storm0.9,CVE-2018-8008
IMJIU/storm0.9,CVE-2019-0202
szd1007/storm1.0.2-learn,CVE-2018-1332
szd1007/storm1.0.2-learn,CVE-2018-8008
isep-rdi/MAWTweets,CVE-2018-1332
isep-rdi/MAWTweets,CVE-2018-8008
isep-rdi/MAWTweets,CVE-2018-1331
isep-rdi/MAWTweets,CVE-2018-11779
isep-rdi/MAWTweets,CVE-2019-0202
isep-rdi/MAWTweets,CVE-2021-38294
isep-rdi/MAWTweets,CVE-2021-40865
ShaunTheCode/sotrm-core,CVE-2018-1332
ShaunTheCode/sotrm-core,CVE-2018-8008
relekang/storm-wc,CVE-2018-1332
relekang/storm-wc,CVE-2018-8008
airy-ict/storm-demo,CVE-2018-1332
airy-ict/storm-demo,CVE-2018-8008
airy-ict/storm-demo,CVE-2019-0202
peefau/storm-kafka-example,CVE-2018-1332
peefau/storm-kafka-example,CVE-2018-8008
peefau/storm-kafka-example,CVE-2018-1331
peefau/storm-kafka-example,CVE-2019-0202
julianovidal/storm-redis,CVE-2018-1332
julianovidal/storm-redis,CVE-2018-8008
julianovidal/storm-redis,CVE-2019-0202
shaogx/storm-duang,CVE-2018-1332
shaogx/storm-duang,CVE-2018-8008
shaogx/storm-duang,CVE-2019-0202
radcheb/Storm-tests,CVE-2018-1332
radcheb/Storm-tests,CVE-2018-8008
radcheb/Storm-tests,CVE-2019-0202
simonellistonball/storm-demo,CVE-2018-1332
simonellistonball/storm-demo,CVE-2018-8008
simonellistonball/storm-demo,CVE-2019-0202
nikitap492/Storm-demo,CVE-2018-1332
nikitap492/Storm-demo,CVE-2018-8008
nikitap492/Storm-demo,CVE-2018-1331
nikitap492/Storm-demo,CVE-2018-11779
nikitap492/Storm-demo,CVE-2019-0202
nikitap492/Storm-demo,CVE-2021-38294
nikitap492/Storm-demo,CVE-2021-40865
pbhalesain/storm-dc-scheduler,CVE-2018-1332
pbhalesain/storm-dc-scheduler,CVE-2018-8008
pbhalesain/storm-dc-scheduler,CVE-2018-11779
pbhalesain/storm-dc-scheduler,CVE-2019-0202
pbhalesain/storm-dc-scheduler,CVE-2021-38294
pbhalesain/storm-dc-scheduler,CVE-2021-40865
prakashd1/LadStorm,CVE-2018-1332
prakashd1/LadStorm,CVE-2018-8008
prakashd1/LadStorm,CVE-2019-0202
DavidNovo/storm-simple,CVE-2018-1332
DavidNovo/storm-simple,CVE-2018-8008
DavidNovo/storm-simple,CVE-2019-0202
simonellistonball/storm-trident-demo,CVE-2018-1332
simonellistonball/storm-trident-demo,CVE-2018-8008
simonellistonball/storm-trident-demo,CVE-2019-0202
domenicosolazzo/tfidf-topology,CVE-2018-1332
domenicosolazzo/tfidf-topology,CVE-2018-8008
huangzehai/storm-example,CVE-2018-1332
huangzehai/storm-example,CVE-2018-8008
huangzehai/storm-example,CVE-2018-1331
huangzehai/storm-example,CVE-2018-11779
huangzehai/storm-example,CVE-2019-0202
huangzehai/storm-example,CVE-2021-38294
huangzehai/storm-example,CVE-2021-40865
rvisweswara/storm_jms_atleastonce_amq,CVE-2015-3188
rvisweswara/storm_jms_atleastonce_amq,CVE-2018-1332
rvisweswara/storm_jms_atleastonce_amq,CVE-2018-8008
rvisweswara/storm_jms_atleastonce_amq,CVE-2019-0202
trungdinh98/autoscalingstorm,CVE-2021-38294
trungdinh98/autoscalingstorm,CVE-2021-40865
AaronNGray/storm-crawler-new,CVE-2021-38294
AaronNGray/storm-crawler-new,CVE-2021-40865
supunkamburugamuve/stormjms,CVE-2018-1332
supunkamburugamuve/stormjms,CVE-2018-8008
fimocode/stormsmarthome,CVE-2021-38294
fimocode/stormsmarthome,CVE-2021-40865
supunkamburugamuve/stormrabbit,CVE-2018-1332
supunkamburugamuve/stormrabbit,CVE-2018-8008
ale93p/namb,CVE-2018-11779
ale93p/namb,CVE-2019-0202
ale93p/namb,CVE-2021-38294
ale93p/namb,CVE-2021-40865
slon1024/hello-storm,CVE-2018-1332
slon1024/hello-storm,CVE-2018-8008
ezbake/ezbake-frack-storm,CVE-2018-1332
ezbake/ezbake-frack-storm,CVE-2018-8008
ezbake/ezbake-frack-storm,CVE-2019-0202
gridgentoo/data-pipe-storm,CVE-2015-3188
gridgentoo/data-pipe-storm,CVE-2018-1332
gridgentoo/data-pipe-storm,CVE-2018-8008
gridgentoo/data-pipe-storm,CVE-2019-0202
miguelangelprogramacion/storm-integration-testing,CVE-2015-3188
miguelangelprogramacion/storm-integration-testing,CVE-2018-1332
miguelangelprogramacion/storm-integration-testing,CVE-2018-8008
miguelangelprogramacion/storm-integration-testing,CVE-2019-0202
Writtic/enow-storm,CVE-2017-9799
Writtic/enow-storm,CVE-2018-1332
Writtic/enow-storm,CVE-2018-8008
Writtic/enow-storm,CVE-2018-1331
Writtic/enow-storm,CVE-2019-0202
Writtic/enow-storm,CVE-2021-38294
Writtic/enow-storm,CVE-2021-40865
wususu/storm-cal-platform,CVE-2018-11779
wususu/storm-cal-platform,CVE-2019-0202
wususu/storm-cal-platform,CVE-2021-38294
wususu/storm-cal-platform,CVE-2021-40865
samueldeng/DistributedAudioEndpointRecognizer,CVE-2018-1332
samueldeng/DistributedAudioEndpointRecognizer,CVE-2018-8008
hudiehule/F-Storm,CVE-2018-1332
hudiehule/F-Storm,CVE-2018-8008
lindseyklanier/storm-code,CVE-2018-1332
lindseyklanier/storm-code,CVE-2018-8008
desp0916/APLogStorm,CVE-2018-1332
desp0916/APLogStorm,CVE-2018-8008
desp0916/APLogStorm,CVE-2018-11779
desp0916/APLogStorm,CVE-2019-0202
desp0916/APLogStorm,CVE-2021-38294
desp0916/APLogStorm,CVE-2021-40865
lbblock2/samoaStorm,CVE-2018-1332
lbblock2/samoaStorm,CVE-2018-8008
wangyangjun/Storm-window,CVE-2015-3188
wangyangjun/Storm-window,CVE-2018-1332
wangyangjun/Storm-window,CVE-2018-8008
wangyangjun/Storm-window,CVE-2019-0202
Martincu-Petru/ebs-storm,CVE-2021-38294
Martincu-Petru/ebs-storm,CVE-2021-40865
ADLINK-IST/vortex-storm,CVE-2018-1332
ADLINK-IST/vortex-storm,CVE-2018-8008
ADLINK-IST/vortex-storm,CVE-2019-0202
vincenzo-gulisano/Storm-Agg,CVE-2018-1332
vincenzo-gulisano/Storm-Agg,CVE-2018-8008
vincenzo-gulisano/Storm-Agg,CVE-2019-0202
enricobacis/storm-joiner,CVE-2018-1332
enricobacis/storm-joiner,CVE-2018-8008
enricobacis/storm-joiner,CVE-2019-0202
xiaodin1/storm-example,CVE-2017-9799
xiaodin1/storm-example,CVE-2018-1332
xiaodin1/storm-example,CVE-2018-8008
xiaodin1/storm-example,CVE-2018-1331
xiaodin1/storm-example,CVE-2019-0202
xiaodin1/storm-example,CVE-2021-38294
xiaodin1/storm-example,CVE-2021-40865
smallela1/eclkc-stormcrawl,CVE-2018-11779
smallela1/eclkc-stormcrawl,CVE-2019-0202
smallela1/eclkc-stormcrawl,CVE-2021-38294
smallela1/eclkc-stormcrawl,CVE-2021-40865
andressanchez/storm-mongodb,CVE-2018-1332
andressanchez/storm-mongodb,CVE-2018-8008
andressanchez/storm-mongodb,CVE-2019-0202
robinaly/ctit-storm,CVE-2018-1332
robinaly/ctit-storm,CVE-2018-8008
robinaly/ctit-storm,CVE-2019-0202
wangbin83-gmail-com/storm-jms,CVE-2018-1332
wangbin83-gmail-com/storm-jms,CVE-2018-8008
rmlanman/storm-demo,CVE-2018-1332
rmlanman/storm-demo,CVE-2018-8008
lolog/storm-demo,CVE-2018-1332
lolog/storm-demo,CVE-2018-8008
lolog/storm-demo,CVE-2018-1331
lolog/storm-demo,CVE-2019-0202
lolog/storm-demo,CVE-2021-38294
lolog/storm-demo,CVE-2021-40865
Naikelin/storm-test,CVE-2021-38294
Naikelin/storm-test,CVE-2021-40865
huachangYu/storm-threadpool,CVE-2018-1332
huachangYu/storm-threadpool,CVE-2018-8008
huachangYu/storm-threadpool,CVE-2019-0202
sulunemre/twitch-stream-analytics,CVE-2018-11779
sulunemre/twitch-stream-analytics,CVE-2019-0202
sulunemre/twitch-stream-analytics,CVE-2021-38294
sulunemre/twitch-stream-analytics,CVE-2021-40865
andressanchez/hipstogram-storm,CVE-2018-1332
andressanchez/hipstogram-storm,CVE-2018-8008
andressanchez/hipstogram-storm,CVE-2019-0202
parstream/parstream-storm,CVE-2015-3188
parstream/parstream-storm,CVE-2018-1332
parstream/parstream-storm,CVE-2018-8008
parstream/parstream-storm,CVE-2019-0202
alienhan/storm-test,CVE-2018-1332
alienhan/storm-test,CVE-2018-8008
aficianado/dynamicStorm,CVE-2018-1332
aficianado/dynamicStorm,CVE-2018-8008
aficianado/dynamicStorm,CVE-2018-11779
aficianado/dynamicStorm,CVE-2019-0202
aficianado/dynamicStorm,CVE-2021-38294
aficianado/dynamicStorm,CVE-2021-40865
alexwangx/storm-benchmark,CVE-2018-1332
alexwangx/storm-benchmark,CVE-2018-8008
alexwangx/storm-benchmark,CVE-2019-0202
huachangYu/tp-storm,CVE-2018-1332
huachangYu/tp-storm,CVE-2018-8008
huachangYu/tp-storm,CVE-2019-0202
smazumder05/storm-analytics,CVE-2018-1332
smazumder05/storm-analytics,CVE-2018-8008
cttestid41/Apache_Storm,CVE-2018-1332
cttestid41/Apache_Storm,CVE-2018-8008
christiangda/test-kinesis-storm-spout,CVE-2017-9799
christiangda/test-kinesis-storm-spout,CVE-2018-1332
christiangda/test-kinesis-storm-spout,CVE-2018-8008
christiangda/test-kinesis-storm-spout,CVE-2018-1331
christiangda/test-kinesis-storm-spout,CVE-2019-0202
christiangda/test-kinesis-storm-spout,CVE-2021-38294
christiangda/test-kinesis-storm-spout,CVE-2021-40865
srwolf/Storm---Cassandra,CVE-2018-1332
srwolf/Storm---Cassandra,CVE-2018-8008
wuzhongdehua/storm_crawler,CVE-2015-3188
wuzhongdehua/storm_crawler,CVE-2018-1332
wuzhongdehua/storm_crawler,CVE-2018-8008
wuzhongdehua/storm_crawler,CVE-2019-0202
zeddliOficial4Real/storm-statistics,CVE-2017-9799
zeddliOficial4Real/storm-statistics,CVE-2018-1332
zeddliOficial4Real/storm-statistics,CVE-2018-8008
zeddliOficial4Real/storm-statistics,CVE-2018-1331
zeddliOficial4Real/storm-statistics,CVE-2019-0202
zeddliOficial4Real/storm-statistics,CVE-2021-38294
zeddliOficial4Real/storm-statistics,CVE-2021-40865
forter/storm-numultilang,CVE-2018-1332
forter/storm-numultilang,CVE-2018-8008
forter/storm-numultilang,CVE-2019-0202
sheetaldolas/storm-hbase,CVE-2018-1332
sheetaldolas/storm-hbase,CVE-2018-8008
Amauris86/source_storm,CVE-2018-1332
Amauris86/source_storm,CVE-2018-8008
Amauris86/source_storm,CVE-2019-0202
binghe001/storm-learning,CVE-2018-1332
binghe001/storm-learning,CVE-2018-8008
binghe001/storm-learning,CVE-2018-11779
binghe001/storm-learning,CVE-2019-0202
binghe001/storm-learning,CVE-2021-38294
binghe001/storm-learning,CVE-2021-40865
xpleaf/storm-study,CVE-2017-9799
xpleaf/storm-study,CVE-2018-1332
xpleaf/storm-study,CVE-2018-8008
xpleaf/storm-study,CVE-2018-1331
xpleaf/storm-study,CVE-2019-0202
xpleaf/storm-study,CVE-2021-38294
xpleaf/storm-study,CVE-2021-40865
krotscheck/storm-toolkit,CVE-2015-3188
krotscheck/storm-toolkit,CVE-2018-1332
krotscheck/storm-toolkit,CVE-2018-8008
krotscheck/storm-toolkit,CVE-2019-0202
moremeds/livewire-storm,CVE-2015-3188
moremeds/livewire-storm,CVE-2018-1332
moremeds/livewire-storm,CVE-2018-8008
moremeds/livewire-storm,CVE-2019-0202
luismesalas/storm-example,CVE-2017-9799
luismesalas/storm-example,CVE-2018-1332
luismesalas/storm-example,CVE-2018-8008
luismesalas/storm-example,CVE-2018-1331
luismesalas/storm-example,CVE-2019-0202
luismesalas/storm-example,CVE-2021-38294
luismesalas/storm-example,CVE-2021-40865
patw/storm-sample,CVE-2018-1332
patw/storm-sample,CVE-2018-8008
patw/storm-sample,CVE-2019-0202
pestoura/Apache-Storm,CVE-2018-1332
pestoura/Apache-Storm,CVE-2018-8008
pestoura/Apache-Storm,CVE-2019-0202
wang-xue-qiang/storm-kafka,CVE-2018-1332
wang-xue-qiang/storm-kafka,CVE-2018-8008
wang-xue-qiang/storm-kafka,CVE-2018-11779
wang-xue-qiang/storm-kafka,CVE-2019-0202
wang-xue-qiang/storm-kafka,CVE-2021-38294
wang-xue-qiang/storm-kafka,CVE-2021-40865
hudiehule/G-Storm,CVE-2018-1332
hudiehule/G-Storm,CVE-2018-8008
gitzsl17/kafka-storm,CVE-2015-3188
gitzsl17/kafka-storm,CVE-2018-1332
gitzsl17/kafka-storm,CVE-2018-8008
gitzsl17/kafka-storm,CVE-2019-0202
gridgentoo/storm-release,CVE-2015-3188
gridgentoo/storm-release,CVE-2018-1332
gridgentoo/storm-release,CVE-2018-8008
gridgentoo/storm-release,CVE-2019-0202
rauluka/stormtrooper-streams,CVE-2021-38294
rauluka/stormtrooper-streams,CVE-2021-40865
eawagner/storm-recipes,CVE-2018-1332
eawagner/storm-recipes,CVE-2018-8008
woophee/woophee-storm,CVE-2018-1332
woophee/woophee-storm,CVE-2018-8008
woophee/woophee-storm,CVE-2018-1331
woophee/woophee-storm,CVE-2018-11779
woophee/woophee-storm,CVE-2019-0202
woophee/woophee-storm,CVE-2021-38294
woophee/woophee-storm,CVE-2021-40865
hurdad/storm-forex,CVE-2018-1332
hurdad/storm-forex,CVE-2018-8008
onyb/storm-project,CVE-2018-1332
onyb/storm-project,CVE-2018-8008
onyb/storm-project,CVE-2019-0202
mberent/tweets-storm,CVE-2017-9799
mberent/tweets-storm,CVE-2018-1332
mberent/tweets-storm,CVE-2018-8008
mberent/tweets-storm,CVE-2018-1331
mberent/tweets-storm,CVE-2019-0202
mberent/tweets-storm,CVE-2021-38294
mberent/tweets-storm,CVE-2021-40865
yida-lxw/storm-solr,CVE-2017-9799
yida-lxw/storm-solr,CVE-2018-1332
yida-lxw/storm-solr,CVE-2018-8008
yida-lxw/storm-solr,CVE-2018-1331
yida-lxw/storm-solr,CVE-2019-0202
yida-lxw/storm-solr,CVE-2021-38294
yida-lxw/storm-solr,CVE-2021-40865
biandeshen/SandStorm,CVE-2018-1332
biandeshen/SandStorm,CVE-2018-8008
biandeshen/SandStorm,CVE-2018-1331
biandeshen/SandStorm,CVE-2019-0202
biandeshen/SandStorm,CVE-2021-38294
biandeshen/SandStorm,CVE-2021-40865
ggayapu/Apache-Storm,CVE-2018-1332
ggayapu/Apache-Storm,CVE-2018-8008
ggayapu/Apache-Storm,CVE-2019-0202
bpark/apache-storm-findata,CVE-2018-1332
bpark/apache-storm-findata,CVE-2018-8008
bpark/apache-storm-findata,CVE-2018-1331
bpark/apache-storm-findata,CVE-2018-11779
bpark/apache-storm-findata,CVE-2019-0202
bpark/apache-storm-findata,CVE-2021-38294
bpark/apache-storm-findata,CVE-2021-40865
tstevens/storm-hdfs-spout,CVE-2018-1332
tstevens/storm-hdfs-spout,CVE-2018-8008
tstevens/storm-hdfs-spout,CVE-2019-0202
nebil-ben-mabrouk/Prostor-Stream-Groupings,CVE-2017-9799
nebil-ben-mabrouk/Prostor-Stream-Groupings,CVE-2018-1332
nebil-ben-mabrouk/Prostor-Stream-Groupings,CVE-2018-8008
nebil-ben-mabrouk/Prostor-Stream-Groupings,CVE-2018-1331
nebil-ben-mabrouk/Prostor-Stream-Groupings,CVE-2019-0202
nebil-ben-mabrouk/Prostor-Stream-Groupings,CVE-2021-38294
nebil-ben-mabrouk/Prostor-Stream-Groupings,CVE-2021-40865
krotscheck/dataplay-workers,CVE-2018-1332
krotscheck/dataplay-workers,CVE-2018-8008
kspichale/twitter-storm-demo,CVE-2018-1332
kspichale/twitter-storm-demo,CVE-2018-8008
aubdiy/simple-kafka-spout,CVE-2018-1332
aubdiy/simple-kafka-spout,CVE-2018-8008
polypus-twitter/sentiment-classifier,CVE-2018-1332
polypus-twitter/sentiment-classifier,CVE-2018-8008
polypus-twitter/sentiment-classifier,CVE-2018-1331
polypus-twitter/sentiment-classifier,CVE-2019-0202
polypus-twitter/sentiment-classifier,CVE-2021-38294
polypus-twitter/sentiment-classifier,CVE-2021-40865
creid31/storm-kafka-experiment,CVE-2017-9799
creid31/storm-kafka-experiment,CVE-2018-1332
creid31/storm-kafka-experiment,CVE-2018-8008
creid31/storm-kafka-experiment,CVE-2018-1331
creid31/storm-kafka-experiment,CVE-2019-0202
creid31/storm-kafka-experiment,CVE-2021-38294
creid31/storm-kafka-experiment,CVE-2021-40865
tony0918/report-process-topology,CVE-2018-1332
tony0918/report-process-topology,CVE-2018-8008
tony0918/report-process-topology,CVE-2019-0202
dgreenshtein/storm-twitter-sentiments,CVE-2017-9799
dgreenshtein/storm-twitter-sentiments,CVE-2018-1332
dgreenshtein/storm-twitter-sentiments,CVE-2018-8008
dgreenshtein/storm-twitter-sentiments,CVE-2018-1331
dgreenshtein/storm-twitter-sentiments,CVE-2019-0202
dgreenshtein/storm-twitter-sentiments,CVE-2021-38294
dgreenshtein/storm-twitter-sentiments,CVE-2021-40865
zergeborg/fogetti-phish-classifier,CVE-2017-9799
zergeborg/fogetti-phish-classifier,CVE-2018-1332
zergeborg/fogetti-phish-classifier,CVE-2018-8008
zergeborg/fogetti-phish-classifier,CVE-2018-1331
zergeborg/fogetti-phish-classifier,CVE-2019-0202
zergeborg/fogetti-phish-classifier,CVE-2021-38294
zergeborg/fogetti-phish-classifier,CVE-2021-40865
DavidKunkun/storm_spring_boot_demo-master,CVE-2018-1332
DavidKunkun/storm_spring_boot_demo-master,CVE-2018-8008
DavidKunkun/storm_spring_boot_demo-master,CVE-2018-11779
DavidKunkun/storm_spring_boot_demo-master,CVE-2019-0202
DavidKunkun/storm_spring_boot_demo-master,CVE-2021-38294
DavidKunkun/storm_spring_boot_demo-master,CVE-2021-40865
roc41d/apache-storm-trident-example,CVE-2021-38294
roc41d/apache-storm-trident-example,CVE-2021-40865
MichaelCTH/NEC_Detection_Storm,CVE-2017-9799
MichaelCTH/NEC_Detection_Storm,CVE-2018-1332
MichaelCTH/NEC_Detection_Storm,CVE-2018-8008
MichaelCTH/NEC_Detection_Storm,CVE-2018-1331
MichaelCTH/NEC_Detection_Storm,CVE-2019-0202
MichaelCTH/NEC_Detection_Storm,CVE-2021-38294
MichaelCTH/NEC_Detection_Storm,CVE-2021-40865
Parth-Brahmbhatt/storm-smoke-test,CVE-2018-1332
Parth-Brahmbhatt/storm-smoke-test,CVE-2018-8008
Parth-Brahmbhatt/storm-smoke-test,CVE-2019-0202
ap0n/distributed-lossy-counting,CVE-2018-1332
ap0n/distributed-lossy-counting,CVE-2018-8008
ap0n/distributed-lossy-counting,CVE-2019-0202
acupple/stormv-spring-tracer,CVE-2018-1332
acupple/stormv-spring-tracer,CVE-2018-8008
acupple/stormv-spring-tracer,CVE-2018-1331
acupple/stormv-spring-tracer,CVE-2019-0202
acupple/stormv-spring-tracer,CVE-2021-38294
acupple/stormv-spring-tracer,CVE-2021-40865
allaves/storm-query-operators,CVE-2018-1332
allaves/storm-query-operators,CVE-2018-8008
sakserv/storm-kafka-hdfs-starter,CVE-2018-1332
sakserv/storm-kafka-hdfs-starter,CVE-2018-8008
sakserv/storm-kafka-hdfs-starter,CVE-2019-0202
jacky-wangjj/storm-kafka-examples,CVE-2018-1332
jacky-wangjj/storm-kafka-examples,CVE-2018-8008
jacky-wangjj/storm-kafka-examples,CVE-2018-11779
jacky-wangjj/storm-kafka-examples,CVE-2019-0202
jacky-wangjj/storm-kafka-examples,CVE-2021-38294
jacky-wangjj/storm-kafka-examples,CVE-2021-40865
WBSS/myCoffeeStorm,CVE-2018-1332
WBSS/myCoffeeStorm,CVE-2018-8008
WBSS/myCoffeeStorm,CVE-2019-0202
abulbasar/storm-word-count,CVE-2018-1332
abulbasar/storm-word-count,CVE-2018-8008
abulbasar/storm-word-count,CVE-2019-0202
thilinamb/storm-resource-group-scheduler,CVE-2017-9799
thilinamb/storm-resource-group-scheduler,CVE-2018-1332
thilinamb/storm-resource-group-scheduler,CVE-2018-8008
thilinamb/storm-resource-group-scheduler,CVE-2018-1331
thilinamb/storm-resource-group-scheduler,CVE-2019-0202
thilinamb/storm-resource-group-scheduler,CVE-2021-38294
thilinamb/storm-resource-group-scheduler,CVE-2021-40865
wkoszolko/storm-local-docker-setup,CVE-2021-38294
wkoszolko/storm-local-docker-setup,CVE-2021-40865
caofangkun/storm-eclipse-plugin,CVE-2018-1332
caofangkun/storm-eclipse-plugin,CVE-2018-8008
caofangkun/storm-eclipse-plugin,CVE-2019-0202
ArthurZhong/SparkStormKafkaTest,CVE-2018-1332
ArthurZhong/SparkStormKafkaTest,CVE-2018-8008
ArthurZhong/SparkStormKafkaTest,CVE-2019-0202
pawankeshri/kafka-storm-integration,CVE-2018-1332
pawankeshri/kafka-storm-integration,CVE-2018-8008
pawankeshri/kafka-storm-integration,CVE-2019-0202
ep-infosec/33_apache_storm,CVE-2018-1332
ep-infosec/33_apache_storm,CVE-2018-8008
ep-infosec/33_apache_storm,CVE-2019-0202
miguelangelprogramacion/spring4-storm-cassandra,CVE-2015-3188
miguelangelprogramacion/spring4-storm-cassandra,CVE-2018-1332
miguelangelprogramacion/spring4-storm-cassandra,CVE-2018-8008
miguelangelprogramacion/spring4-storm-cassandra,CVE-2019-0202
radcheb/Storm-tweets-sentiment,CVE-2018-1332
radcheb/Storm-tweets-sentiment,CVE-2018-8008
radcheb/Storm-tweets-sentiment,CVE-2019-0202
kandu009/Storm-IEEE-tutorial,CVE-2018-1332
kandu009/Storm-IEEE-tutorial,CVE-2018-8008
kandu009/Storm-IEEE-tutorial,CVE-2019-0202
anshuiisc/storm-Allbolts-wiring,CVE-2018-1332
anshuiisc/storm-Allbolts-wiring,CVE-2018-8008
mike10004/shiro-stormpath-example,CVE-2018-1332
mike10004/shiro-stormpath-example,CVE-2018-8008
pathbreak/reddit-sentiment-storm,CVE-2018-1332
pathbreak/reddit-sentiment-storm,CVE-2018-8008
pathbreak/reddit-sentiment-storm,CVE-2019-0202
ffr4nz/kafkaStorm-Filter-Msg,CVE-2018-11779
ffr4nz/kafkaStorm-Filter-Msg,CVE-2019-0202
ffr4nz/kafkaStorm-Filter-Msg,CVE-2021-38294
ffr4nz/kafkaStorm-Filter-Msg,CVE-2021-40865
tibkiss/storm-1.x,CVE-2018-1332
tibkiss/storm-1.x,CVE-2018-8008
rohankumardubey/storm-benchmark-sol,CVE-2018-1332
rohankumardubey/storm-benchmark-sol,CVE-2018-8008
rohankumardubey/storm-benchmark-sol,CVE-2018-1331
rohankumardubey/storm-benchmark-sol,CVE-2019-0202
rohankumardubey/storm-benchmark-sol,CVE-2021-38294
rohankumardubey/storm-benchmark-sol,CVE-2021-40865
keedio/storm-es-poc,CVE-2018-1332
keedio/storm-es-poc,CVE-2018-8008
joaoascenso/HWX-storm-fraudDetection,CVE-2018-1332
joaoascenso/HWX-storm-fraudDetection,CVE-2018-8008
joaoascenso/HWX-storm-fraudDetection,CVE-2019-0202
danyongliu/storm-graphite-metrics,CVE-2018-1332
danyongliu/storm-graphite-metrics,CVE-2018-8008
danyongliu/storm-graphite-metrics,CVE-2019-0202
sakserv/storm-twitter-test,CVE-2018-1332
sakserv/storm-twitter-test,CVE-2018-8008
sakserv/storm-twitter-test,CVE-2019-0202
rajeevkumarv/apache-storm-stress-test,CVE-2017-9799
rajeevkumarv/apache-storm-stress-test,CVE-2018-1332
rajeevkumarv/apache-storm-stress-test,CVE-2018-8008
rajeevkumarv/apache-storm-stress-test,CVE-2018-1331
rajeevkumarv/apache-storm-stress-test,CVE-2019-0202
rajeevkumarv/apache-storm-stress-test,CVE-2021-38294
rajeevkumarv/apache-storm-stress-test,CVE-2021-40865
rohankumardubey/storm-smoke-test,CVE-2018-1332
rohankumardubey/storm-smoke-test,CVE-2018-8008
rohankumardubey/storm-smoke-test,CVE-2019-0202
recursosCSWuniandes/auth-shiro-stormpath,CVE-2018-1332
recursosCSWuniandes/auth-shiro-stormpath,CVE-2018-8008
reference-project/Storm-Simple-Crawler,CVE-2018-1332
reference-project/Storm-Simple-Crawler,CVE-2018-8008
reference-project/Storm-Simple-Crawler,CVE-2019-0202
alexholmes/storm-trending-words,CVE-2018-1332
alexholmes/storm-trending-words,CVE-2018-8008
Blackmist/hdinsight-java-storm-mongodb,CVE-2018-1332
Blackmist/hdinsight-java-storm-mongodb,CVE-2018-8008
Blackmist/hdinsight-java-storm-mongodb,CVE-2018-11779
Blackmist/hdinsight-java-storm-mongodb,CVE-2019-0202
Blackmist/hdinsight-java-storm-mongodb,CVE-2021-38294
Blackmist/hdinsight-java-storm-mongodb,CVE-2021-40865
adian98/storm-netflow-attack-detelect,CVE-2018-1332
adian98/storm-netflow-attack-detelect,CVE-2018-8008
adian98/storm-netflow-attack-detelect,CVE-2019-0202
Hansen-chen/storm_for_uranus,CVE-2018-1332
Hansen-chen/storm_for_uranus,CVE-2018-8008
Hansen-chen/storm_for_uranus,CVE-2019-0202
ygr81/storm-microbatching-example,CVE-2018-1332
ygr81/storm-microbatching-example,CVE-2018-8008
ygr81/storm-microbatching-example,CVE-2018-1331
ygr81/storm-microbatching-example,CVE-2018-11779
ygr81/storm-microbatching-example,CVE-2019-0202
ygr81/storm-microbatching-example,CVE-2021-38294
ygr81/storm-microbatching-example,CVE-2021-40865
simonellistonball/syslog-storm-sample,CVE-2018-1332
simonellistonball/syslog-storm-sample,CVE-2018-8008
simonellistonball/syslog-storm-sample,CVE-2019-0202
kineticadb/kinetica-connector-storm,CVE-2018-1332
kineticadb/kinetica-connector-storm,CVE-2018-8008
kineticadb/kinetica-connector-storm,CVE-2018-11779
kineticadb/kinetica-connector-storm,CVE-2019-0202
kineticadb/kinetica-connector-storm,CVE-2021-38294
kineticadb/kinetica-connector-storm,CVE-2021-40865
shoppingwang/storm-kafka-plus-sample,CVE-2018-1332
shoppingwang/storm-kafka-plus-sample,CVE-2018-8008
shoppingwang/storm-kafka-plus-sample,CVE-2019-0202
himadriganguly/gitcommit-count-storm,CVE-2018-1332
himadriganguly/gitcommit-count-storm,CVE-2018-8008
himadriganguly/gitcommit-count-storm,CVE-2018-11779
himadriganguly/gitcommit-count-storm,CVE-2019-0202
himadriganguly/gitcommit-count-storm,CVE-2021-38294
himadriganguly/gitcommit-count-storm,CVE-2021-40865
tandingbo/storm-1.2.1,CVE-2018-1332
tandingbo/storm-1.2.1,CVE-2018-8008
tristann9/storm-mqtt-to-timeseries,CVE-2015-3188
tristann9/storm-mqtt-to-timeseries,CVE-2018-1332
tristann9/storm-mqtt-to-timeseries,CVE-2018-8008
tristann9/storm-mqtt-to-timeseries,CVE-2019-0202
chen0040/storm-sentiment-analysis,CVE-2018-1332
chen0040/storm-sentiment-analysis,CVE-2018-8008
sunshinenum/storm-log-analysis,CVE-2018-1332
sunshinenum/storm-log-analysis,CVE-2018-8008
sunshinenum/storm-log-analysis,CVE-2019-0202
MichaelCTH/Twitter-TrendingTag-Storm,CVE-2017-9799
MichaelCTH/Twitter-TrendingTag-Storm,CVE-2018-1332
MichaelCTH/Twitter-TrendingTag-Storm,CVE-2018-8008
MichaelCTH/Twitter-TrendingTag-Storm,CVE-2018-1331
MichaelCTH/Twitter-TrendingTag-Storm,CVE-2019-0202
MichaelCTH/Twitter-TrendingTag-Storm,CVE-2021-38294
MichaelCTH/Twitter-TrendingTag-Storm,CVE-2021-40865
vocky/kafka-storm-fcd-process,CVE-2018-1332
vocky/kafka-storm-fcd-process,CVE-2018-8008
vocky/kafka-storm-fcd-process,CVE-2019-0202
debalguha/storm-jms-custom,CVE-2018-1332
debalguha/storm-jms-custom,CVE-2018-8008
debalguha/storm-jms-custom,CVE-2019-0202
prabhugs/kafka-storm-file,CVE-2018-1332
prabhugs/kafka-storm-file,CVE-2018-8008
prabhugs/kafka-storm-file,CVE-2019-0202
ConanDennis/kafka_storm_private,CVE-2018-1332
ConanDennis/kafka_storm_private,CVE-2018-8008
ConanDennis/kafka_storm_private,CVE-2018-1331
ConanDennis/kafka_storm_private,CVE-2019-0202
anshuiisc/storm-Rebalance-Ack,CVE-2018-1332
anshuiisc/storm-Rebalance-Ack,CVE-2018-8008
Franjs88/Twitter-Processor-Storm,CVE-2018-1332
Franjs88/Twitter-Processor-Storm,CVE-2018-8008
Franjs88/Twitter-Processor-Storm,CVE-2019-0202
ep-infosec/29_walmartlabs_storm,CVE-2018-1332
ep-infosec/29_walmartlabs_storm,CVE-2018-8008
ep-infosec/29_walmartlabs_storm,CVE-2018-1331
ep-infosec/29_walmartlabs_storm,CVE-2019-0202
otokunaga2/BeaconStormAnalyzer,CVE-2018-1332
otokunaga2/BeaconStormAnalyzer,CVE-2018-8008
otokunaga2/BeaconStormAnalyzer,CVE-2019-0202
aeoluswqq/storm-kafka-redis,CVE-2015-3188
aeoluswqq/storm-kafka-redis,CVE-2018-1332
aeoluswqq/storm-kafka-redis,CVE-2018-8008
aeoluswqq/storm-kafka-redis,CVE-2019-0202
jkutk/bigdata-storm-demo,CVE-2018-1332
jkutk/bigdata-storm-demo,CVE-2018-8008
jkutk/bigdata-storm-demo,CVE-2019-0202
forter/storm-topology-api,CVE-2015-3188
forter/storm-topology-api,CVE-2018-1332
forter/storm-topology-api,CVE-2018-8008
forter/storm-topology-api,CVE-2019-0202
christiangda/test-storm-metrics-influxdb,CVE-2017-9799
christiangda/test-storm-metrics-influxdb,CVE-2018-1332
christiangda/test-storm-metrics-influxdb,CVE-2018-8008
christiangda/test-storm-metrics-influxdb,CVE-2018-1331
christiangda/test-storm-metrics-influxdb,CVE-2019-0202
christiangda/test-storm-metrics-influxdb,CVE-2021-38294
christiangda/test-storm-metrics-influxdb,CVE-2021-40865
OpenPOWER-BigData/HDP2.5-storm-solr,CVE-2018-1332
OpenPOWER-BigData/HDP2.5-storm-solr,CVE-2018-8008
OpenPOWER-BigData/HDP2.5-storm-solr,CVE-2019-0202
jacky-wangjj/storm-hive-streaming-example-wjj,CVE-2018-1332
jacky-wangjj/storm-hive-streaming-example-wjj,CVE-2018-8008
jacky-wangjj/storm-hive-streaming-example-wjj,CVE-2018-11779
jacky-wangjj/storm-hive-streaming-example-wjj,CVE-2019-0202
jacky-wangjj/storm-hive-streaming-example-wjj,CVE-2021-38294
jacky-wangjj/storm-hive-streaming-example-wjj,CVE-2021-40865
Tjcug/apache-storm-1.1.1,CVE-2018-1332
Tjcug/apache-storm-1.1.1,CVE-2018-8008
anshuiisc/Dynamic-storm-1.0.3,CVE-2018-1332
anshuiisc/Dynamic-storm-1.0.3,CVE-2018-8008
Flipkart/fbe_fa_tagging_poc_storm,CVE-2018-1332
Flipkart/fbe_fa_tagging_poc_storm,CVE-2018-8008
Flipkart/fbe_fa_tagging_poc_storm,CVE-2019-0202
cjnolet/flowbox,CVE-2018-1332
cjnolet/flowbox,CVE-2018-8008
stormpath/stormpath-shiro-migrate-to-servlet-plugin,CVE-2018-1332
stormpath/stormpath-shiro-migrate-to-servlet-plugin,CVE-2018-8008
supermy/storm-kafka-0.8-plus-test,CVE-2018-1332
supermy/storm-kafka-0.8-plus-test,CVE-2018-8008
supermy/storm-kafka-0.8-plus-test,CVE-2019-0202
alexwoolford/tweet-buckets,CVE-2017-9799
alexwoolford/tweet-buckets,CVE-2018-1332
alexwoolford/tweet-buckets,CVE-2018-8008
alexwoolford/tweet-buckets,CVE-2018-1331
alexwoolford/tweet-buckets,CVE-2019-0202
alexwoolford/tweet-buckets,CVE-2021-38294
alexwoolford/tweet-buckets,CVE-2021-40865
thilinamb/debs14-grand-challenge,CVE-2018-1332
thilinamb/debs14-grand-challenge,CVE-2018-8008
UM-NLP/Streaming,CVE-2021-38294
UM-NLP/Streaming,CVE-2021-40865
CGCL-codes/Whale,CVE-2018-1332
CGCL-codes/Whale,CVE-2018-8008
panagiotisl/DiCeS,CVE-2018-11779
panagiotisl/DiCeS,CVE-2019-0202
panagiotisl/DiCeS,CVE-2021-38294
panagiotisl/DiCeS,CVE-2021-40865
keedio/Storm-0.9.1-Kafka-0.8-Test,CVE-2018-1332
keedio/Storm-0.9.1-Kafka-0.8-Test,CVE-2018-8008
vriesdemichael/streaming-benchmarks,CVE-2018-1332
vriesdemichael/streaming-benchmarks,CVE-2018-8008
vriesdemichael/streaming-benchmarks,CVE-2018-11779
vriesdemichael/streaming-benchmarks,CVE-2019-0202
vriesdemichael/streaming-benchmarks,CVE-2021-38294
vriesdemichael/streaming-benchmarks,CVE-2021-40865
bipinprasad/lightning,CVE-2018-1332
bipinprasad/lightning,CVE-2018-8008
bipinprasad/lightning,CVE-2019-0202
preems/realtime-event-processing,CVE-2018-1332
preems/realtime-event-processing,CVE-2018-8008
preems/realtime-event-processing,CVE-2019-0202
RichardKavanagh/sentiment-analysis,CVE-2018-1332
RichardKavanagh/sentiment-analysis,CVE-2018-8008
RichardKavanagh/sentiment-analysis,CVE-2019-0202
escudocloud/joinIntegrity,CVE-2018-1332
escudocloud/joinIntegrity,CVE-2018-8008
escudocloud/joinIntegrity,CVE-2019-0202
Tjcug/DStream,CVE-2017-9799
Tjcug/DStream,CVE-2018-1332
Tjcug/DStream,CVE-2018-8008
Tjcug/DStream,CVE-2018-1331
Tjcug/DStream,CVE-2019-0202
Tjcug/DStream,CVE-2021-38294
Tjcug/DStream,CVE-2021-40865
DStream-Storm/DStream,CVE-2017-9799
DStream-Storm/DStream,CVE-2018-1332
DStream-Storm/DStream,CVE-2018-8008
DStream-Storm/DStream,CVE-2018-1331
DStream-Storm/DStream,CVE-2019-0202
DStream-Storm/DStream,CVE-2021-38294
DStream-Storm/DStream,CVE-2021-40865
Whale2021/Whale,CVE-2018-1332
Whale2021/Whale,CVE-2018-8008
WYonghui/Whale-1,CVE-2018-1332
WYonghui/Whale-1,CVE-2018-8008
